OrderID;Date;CustomerID;ProdNumber;Quantity
1;1/1/20;1866;EB514;2
2;1/1/20;1567;RS706;3
3;1/1/20;2064;TV804;6
4;1/1/20;287;DK203;1
5;1/1/20;422;EB517;5
6;1/1/20;954;EB519;5
7;1/2/20;726;RK604;2
8;1/2/20;1740;TV810;1
9;1/2/20;1652;TV804;2
10;1/2/20;1431;DS304;2
11;1/2/20;270;RK604;2
12;1/2/20;815;DK201;5
13;1/2/20;157;EB508;3
14;1/2/20;179;BP107;2
15;1/2/20;832;RK605;2
16;1/3/20;1465;DK205;3
17;1/3/20;678;RS702;2
18;1/3/20;1644;DS301;4
19;1/3/20;806;TV804;3
20;1/4/20;997;DK209;2
21;1/4/20;1272;TV804;3
22;1/4/20;832;DK205;4
23;1/4/20;1313;DS302;3
24;1/4/20;638;RS702;5
25;1/5/20;292;EB516;5
26;1/5/20;1865;TV802;2
27;1/5/20;1766;EB519;5
28;1/5/20;281;EB517;4
29;1/6/20;889;EB511;5
30;1/6/20;435;EB518;6
31;1/6/20;811;TV809;1
32;1/6/20;148;DK203;3
33;1/6/20;157;RS706;3
34;1/6/20;841;RK606;4
35;1/7/20;814;EB504;5
36;1/7/20;1930;DS306;5
37;1/7/20;426;RK605;4
38;1/7/20;1336;TV804;2
39;1/7/20;1708;EB501;1
40;1/7/20;43;DS306;4
41;1/7/20;378;EB502;6
42;1/7/20;856;TV802;3
43;1/7/20;1613;BP105;5
44;1/8/20;587;RK602;1
45;1/8/20;794;TV809;4
46;1/8/20;2104;EB509;6
47;1/8/20;1166;RK604;4
48;1/9/20;1083;RS707;6
49;1/9/20;371;EB513;5
50;1/9/20;11;EB504;1
51;1/9/20;1551;EB518;3
52;1/9/20;1542;RS707;5
53;1/10/20;2001;RS705;2
54;1/10/20;647;DS304;2
55;1/10/20;288;TV812;2
56;1/11/20;934;DK208;4
57;1/12/20;1653;EB509;6
58;1/12/20;46;EB514;4
59;1/12/20;1340;BP107;6
60;1/12/20;366;RK606;3
61;1/13/20;1798;EB513;4
62;1/13/20;133;EB508;4
63;1/13/20;1101;EB514;1
64;1/13/20;894;TV809;5
65;1/14/20;628;TV805;5
66;1/14/20;1878;BP110;3
67;1/14/20;1123;EB505;2
68;1/14/20;1214;EB518;4
69;1/14/20;1162;DS307;6
70;1/14/20;1944;BP108;3
71;1/15/20;185;BP110;5
72;1/15/20;1202;EB505;5
73;1/15/20;700;EB514;3
74;1/16/20;1773;DK202;2
75;1/16/20;96;DK205;5
76;1/17/20;1264;EB503;4
77;1/17/20;606;RK605;3
78;1/17/20;1285;EB517;6
79;1/18/20;897;DK209;3
80;1/18/20;522;BP109;2
81;1/18/20;653;EB521;3
82;1/18/20;1845;TV804;2
83;1/18/20;1052;EB504;6
84;1/19/20;1751;DK205;3
85;1/19/20;772;RK603;5
86;1/19/20;1626;DK207;5
87;1/20/20;99;EB518;1
88;1/20/20;209;EB521;3
89;1/20/20;459;EB511;4
90;1/21/20;430;EB504;2
91;1/21/20;1614;EB502;2
92;1/21/20;681;RK602;4
93;1/21/20;1634;RS707;4
94;1/21/20;1792;EB517;2
95;1/21/20;865;RS707;5
96;1/21/20;932;DS307;4
97;1/21/20;719;DS301;3
98;1/21/20;1830;DS303;5
99;1/21/20;1524;EB518;3
100;1/21/20;847;RS704;6
101;1/21/20;1002;RK606;2
102;1/22/20;1326;DS306;3
103;1/22/20;1833;DK202;5
104;1/22/20;1302;DS302;1
105;1/22/20;1103;EB521;3
106;1/22/20;1830;DS305;4
107;1/23/20;2035;TV813;5
108;1/23/20;260;TV803;2
109;1/23/20;1824;EB512;3
110;1/23/20;1737;RS703;5
111;1/23/20;160;DS305;5
112;1/23/20;551;EB504;4
113;1/23/20;1589;BP101;4
114;1/23/20;275;DK206;4
115;1/23/20;1523;TV811;4
116;1/24/20;20;TV808;3
117;1/24/20;908;DS305;2
118;1/24/20;2031;DS301;3
119;1/24/20;1436;BP109;3
120;1/24/20;1599;EB504;4
121;1/24/20;303;RK607;5
122;1/24/20;5;TV804;1
123;1/25/20;1078;DS306;5
124;1/25/20;1646;BP107;5
125;1/25/20;831;TV806;3
126;1/25/20;1111;TV804;4
127;1/26/20;1886;DK208;4
128;1/26/20;2013;DS305;5
129;1/26/20;1848;EB507;3
130;1/27/20;1533;EB509;1
131;1/27/20;1591;RS705;3
132;1/27/20;345;EB503;5
133;1/27/20;256;BP102;1
134;1/27/20;1031;EB509;5
135;1/27/20;216;EB513;4
136;1/27/20;1839;EB520;5
137;1/28/20;1802;TV805;3
138;1/28/20;1306;EB502;4
139;1/28/20;1942;EB509;3
140;1/29/20;1842;BP105;4
141;1/29/20;1344;EB504;4
142;1/29/20;1161;TV802;5
143;1/30/20;1227;EB514;4
144;1/30/20;1157;RS703;5
145;1/30/20;1572;DK206;4
146;1/30/20;1696;BP107;3
147;1/30/20;1741;RS703;3
148;1/31/20;451;TV803;3
149;1/31/20;961;DK208;4
150;1/31/20;568;DS303;2
151;1/31/20;2031;TV801;3
152;1/31/20;1136;EB502;4
153;1/31/20;1983;RK602;2
154;2/1/20;1119;TV802;1
155;2/1/20;685;TV808;5
156;2/1/20;1505;DK209;3
157;2/1/20;535;EB520;4
158;2/2/20;1648;BP106;5
159;2/2/20;645;BP106;5
160;2/2/20;1036;BP110;4
161;2/2/20;1628;BP108;2
162;2/2/20;1996;EB511;5
163;2/2/20;1585;RS703;2
164;2/3/20;868;EB514;3
165;2/3/20;1991;EB501;3
166;2/3/20;604;DK202;2
167;2/3/20;1070;RS707;5
168;2/4/20;1825;RS703;4
169;2/4/20;481;RK603;6
170;2/4/20;2021;EB508;5
171;2/4/20;500;BP109;3
172;2/4/20;1320;TV812;3
173;2/5/20;707;EB512;3
174;2/5/20;1296;DK204;2
175;2/5/20;496;RK605;5
176;2/5/20;1547;DK202;3
177;2/5/20;1508;TV813;2
178;2/6/20;1267;DK208;3
179;2/6/20;204;EB505;3
180;2/6/20;1018;BP104;4
181;2/6/20;770;DK209;3
182;2/6/20;1081;BP110;3
183;2/7/20;661;EB503;4
184;2/7/20;302;EB504;4
185;2/7/20;1589;BP102;4
186;2/7/20;1084;EB505;2
187;2/7/20;840;EB503;1
188;2/7/20;510;DS307;5
189;2/8/20;454;TV811;5
190;2/8/20;1068;EB505;6
191;2/8/20;1634;DK207;4
192;2/8/20;1023;TV811;2
193;2/8/20;958;DS304;3
194;2/8/20;202;RS706;4
195;2/9/20;1634;EB513;3
196;2/9/20;1761;BP105;3
197;2/9/20;934;RS704;4
198;2/9/20;1033;BP105;3
199;2/9/20;1905;EB509;2
200;2/9/20;922;DK202;6
201;2/9/20;456;RK602;3
202;2/10/20;1614;DK207;1
203;2/10/20;312;TV802;2
204;2/10/20;203;EB513;3
205;2/10/20;1289;RK602;3
206;2/11/20;1894;DK207;5
207;2/11/20;1951;EB516;4
208;2/11/20;1290;DS302;3
209;2/11/20;802;EB512;3
210;2/11/20;1399;RS705;2
211;2/12/20;1119;DS301;4
212;2/12/20;2059;BP102;6
213;2/12/20;1584;EB514;5
214;2/12/20;680;DS305;1
215;2/12/20;156;TV808;5
216;2/12/20;1549;RS704;6
217;2/12/20;1797;TV809;5
218;2/12/20;906;DK203;4
219;2/13/20;1233;DS306;2
220;2/13/20;1043;RS704;5
221;2/13/20;1161;TV807;5
222;2/13/20;1002;EB519;5
223;2/13/20;848;RK605;4
224;2/14/20;1905;TV804;4
225;2/14/20;240;DK207;2
226;2/14/20;150;RS703;3
227;2/15/20;2040;BP105;3
228;2/15/20;1414;BP105;6
229;2/15/20;560;DK208;2
230;2/15/20;1170;BP106;2
231;2/15/20;866;EB513;5
232;2/16/20;1198;EB514;2
233;2/16/20;962;DS303;1
234;2/16/20;1114;EB504;4
235;2/16/20;1123;TV813;3
236;2/16/20;1457;RS704;3
237;2/16/20;132;DS302;5
238;2/16/20;1946;DS301;3
239;2/16/20;1879;EB511;3
240;2/17/20;422;EB511;4
241;2/17/20;1861;TV811;3
242;2/18/20;633;EB502;4
243;2/18/20;1932;DK207;6
244;2/18/20;1447;BP102;4
245;2/18/20;973;DK208;4
246;2/18/20;2082;DK201;5
247;2/18/20;735;TV812;3
248;2/18/20;1434;DS301;5
249;2/19/20;724;EB516;2
250;2/19/20;867;RS705;6
251;2/20/20;1909;BP110;5
252;2/20/20;1928;EB506;4
253;2/20/20;126;DK205;5
254;2/20/20;678;DK204;4
255;2/21/20;1950;EB519;4
256;2/21/20;1946;RS704;5
257;2/21/20;1480;DK207;2
258;2/21/20;1647;BP107;3
259;2/21/20;1578;BP105;3
260;2/21/20;1226;DK209;5
261;2/21/20;1204;TV811;5
262;2/21/20;198;BP108;5
263;2/21/20;340;TV801;3
264;2/22/20;1006;BP106;4
265;2/24/20;497;BP110;2
266;2/24/20;2101;EB519;2
267;2/24/20;1454;DK201;1
268;2/24/20;2099;RK604;2
269;2/24/20;28;TV808;2
270;2/24/20;146;TV812;1
271;2/25/20;813;DS304;2
272;2/25/20;1603;EB519;1
273;2/25/20;505;EB520;3
274;2/25/20;119;RS703;3
275;2/25/20;1421;EB511;3
276;2/25/20;1959;EB509;5
277;2/25/20;1863;RK607;3
278;2/25/20;680;EB521;1
279;2/25/20;1742;BP105;4
280;2/25/20;1608;BP107;3
281;2/26/20;607;EB512;3
282;2/26/20;1802;DK206;3
283;2/26/20;1500;EB514;4
284;2/26/20;1911;EB520;5
285;2/26/20;915;TV807;5
286;2/26/20;653;EB508;2
287;2/27/20;1187;RK602;4
288;2/27/20;580;TV804;4
289;2/28/20;133;EB511;5
290;2/28/20;1334;RS707;3
291;2/28/20;522;EB519;4
292;2/28/20;1851;EB502;4
293;2/28/20;705;DS305;4
294;2/29/20;363;EB518;1
295;2/29/20;599;RS703;5
296;3/1/20;1474;DK204;3
297;3/1/20;1309;BP105;4
298;3/1/20;1258;RS703;3
299;3/1/20;1565;EB511;3
300;3/1/20;358;RK603;2
301;3/2/20;2041;RK602;4
302;3/2/20;2022;DS303;4
303;3/2/20;1688;TV804;2
304;3/2/20;1223;EB506;2
305;3/2/20;1712;DK205;5
306;3/2/20;423;DK202;2
307;3/2/20;1711;BP110;2
308;3/2/20;912;BP109;5
309;3/2/20;1570;DS304;4
310;3/3/20;1726;RK605;3
311;3/3/20;981;TV805;2
312;3/3/20;1884;RS706;5
313;3/3/20;1289;EB506;3
314;3/3/20;1209;TV812;3
315;3/3/20;404;RS702;1
316;3/3/20;1102;RS703;3
317;3/3/20;1520;DS302;3
318;3/3/20;2045;EB508;4
319;3/4/20;1445;DK208;1
320;3/4/20;183;EB513;5
321;3/4/20;1923;BP108;2
322;3/5/20;1880;TV808;4
323;3/6/20;321;DK204;3
324;3/6/20;902;DK202;2
325;3/6/20;281;EB513;1
326;3/7/20;6;BP107;5
327;3/7/20;1909;TV806;4
328;3/7/20;1582;DS301;5
329;3/7/20;1374;RK602;5
330;3/8/20;1694;RK603;2
331;3/8/20;1223;RS705;1
332;3/8/20;1648;DS302;5
333;3/8/20;1783;EB506;5
334;3/9/20;1078;TV805;6
335;3/9/20;1149;DS307;1
336;3/9/20;1238;TV813;3
337;3/9/20;1193;EB507;6
338;3/9/20;797;RK602;4
339;3/9/20;134;RS702;3
340;3/10/20;460;TV804;1
341;3/10/20;1072;BP101;3
342;3/10/20;760;EB506;2
343;3/10/20;331;RK604;4
344;3/11/20;426;BP108;4
345;3/11/20;1073;RK605;3
346;3/11/20;1899;BP110;3
347;3/12/20;1025;EB501;3
348;3/12/20;2061;BP108;2
349;3/12/20;1523;RS704;3
350;3/12/20;508;RK606;2
351;3/13/20;200;RS706;4
352;3/13/20;2090;DS306;5
353;3/13/20;1847;RS703;2
354;3/13/20;1502;DS302;5
355;3/13/20;1850;BP110;4
356;3/14/20;2044;TV812;3
357;3/14/20;1203;RK604;5
358;3/14/20;187;TV802;5
359;3/15/20;380;EB514;1
360;3/15/20;141;DK209;4
361;3/15/20;670;BP104;1
362;3/15/20;2079;BP110;4
363;3/15/20;430;RK604;2
364;3/16/20;274;RS707;4
365;3/16/20;2114;RK603;3
366;3/16/20;675;RS705;3
367;3/17/20;1503;RS705;3
368;3/17/20;798;EB508;3
369;3/17/20;488;TV806;5
370;3/17/20;1573;DS307;5
371;3/17/20;2088;BP105;6
372;3/17/20;1714;EB504;2
373;3/18/20;1291;BP110;1
374;3/18/20;445;BP110;6
375;3/18/20;2103;RS702;3
376;3/18/20;1778;EB517;3
377;3/19/20;1092;BP102;3
378;3/19/20;686;DK208;4
379;3/20/20;372;EB505;3
380;3/20/20;1935;RS703;5
381;3/20/20;1446;BP109;4
382;3/21/20;19;RK607;5
383;3/21/20;1907;TV805;3
384;3/21/20;1111;BP110;4
385;3/21/20;940;BP104;6
386;3/21/20;2077;DK206;4
387;3/22/20;724;TV809;4
388;3/22/20;22;RK603;5
389;3/22/20;479;EB511;5
390;3/22/20;966;BP110;1
391;3/22/20;1307;BP102;4
392;3/22/20;1648;DK207;4
393;3/23/20;1645;TV808;5
394;3/23/20;1539;EB503;4
395;3/23/20;114;EB506;4
396;3/23/20;187;BP107;1
397;3/24/20;1894;EB503;3
398;3/24/20;551;TV807;4
399;3/24/20;1695;DK206;5
400;3/24/20;71;TV808;4
401;3/24/20;173;DK202;3
402;3/25/20;354;DS301;2
403;3/25/20;252;DK202;4
404;3/26/20;1256;BP101;2
405;3/26/20;170;DK203;5
406;3/26/20;2115;DS307;1
407;3/27/20;682;TV813;3
408;3/27/20;630;BP110;2
409;3/27/20;735;EB514;6
410;3/27/20;897;BP108;1
411;3/27/20;1147;RK606;3
412;3/27/20;1420;TV804;3
413;3/28/20;1135;RS707;5
414;3/28/20;356;DS306;5
415;3/28/20;1254;EB504;4
416;3/29/20;1566;EB505;5
417;3/29/20;507;TV811;1
418;3/29/20;905;TV804;4
419;3/29/20;1709;RS707;3
420;3/29/20;420;TV810;4
421;3/30/20;319;TV806;2
422;3/30/20;2088;DK208;2
423;3/30/20;18;DS302;3
424;3/31/20;1559;DK201;3
425;3/31/20;415;EB514;2
426;3/31/20;723;EB514;4
427;4/1/20;1749;BP110;3
428;4/1/20;1503;RS703;2
429;4/1/20;406;DK207;1
430;4/1/20;635;DK208;3
431;4/1/20;231;BP110;3
432;4/1/20;1303;TV810;1
433;4/1/20;553;EB518;1
434;4/1/20;1041;EB504;5
435;4/1/20;400;DS307;5
436;4/1/20;1737;EB513;5
437;4/2/20;1010;TV803;3
438;4/2/20;211;RS704;5
439;4/2/20;1355;TV805;4
440;4/3/20;763;DK203;6
441;4/3/20;1714;BP101;5
442;4/3/20;1389;BP105;3
443;4/3/20;1416;DS302;4
444;4/3/20;1972;EB511;2
445;4/3/20;779;RK602;3
446;4/3/20;1110;EB516;4
447;4/3/20;209;TV802;1
448;4/3/20;472;DK209;4
449;4/3/20;2067;RK605;1
450;4/3/20;190;EB505;5
451;4/3/20;562;DS305;5
452;4/3/20;107;DS302;3
453;4/4/20;1418;RS702;2
454;4/4/20;1815;EB505;3
455;4/4/20;303;DK205;3
456;4/4/20;480;EB513;4
457;4/5/20;1365;DK206;2
458;4/5/20;848;BP101;4
459;4/5/20;979;DK205;2
460;4/5/20;756;TV809;5
461;4/5/20;20;RK607;6
462;4/5/20;1378;TV802;2
463;4/5/20;1059;RS704;3
464;4/6/20;1315;BP110;4
465;4/6/20;631;BP104;6
466;4/6/20;735;DS304;2
467;4/6/20;403;EB519;4
468;4/6/20;1420;EB516;3
469;4/7/20;385;BP105;5
470;4/7/20;1101;DS301;5
471;4/7/20;1869;EB518;3
472;4/7/20;345;RK602;5
473;4/7/20;335;EB520;5
474;4/7/20;1209;TV810;2
475;4/7/20;1173;TV811;4
476;4/7/20;314;EB507;3
477;4/8/20;98;EB513;6
478;4/9/20;1676;EB504;5
479;4/9/20;962;RS706;2
480;4/9/20;2005;EB509;3
481;4/9/20;8;TV805;5
482;4/9/20;2109;DK205;3
483;4/10/20;1070;DK208;2
484;4/10/20;1388;DK208;3
485;4/10/20;1255;BP107;4
486;4/10/20;321;EB511;4
487;4/10/20;1175;TV802;3
488;4/11/20;1370;EB506;4
489;4/11/20;1078;RS703;2
490;4/11/20;820;EB501;5
491;4/11/20;1684;EB506;3
492;4/12/20;373;EB502;2
493;4/13/20;763;EB507;4
494;4/13/20;1317;RS702;3
495;4/13/20;1006;TV806;5
496;4/14/20;1407;DK203;5
497;4/14/20;242;DS307;4
498;4/14/20;1153;DK205;5
499;4/14/20;149;RS706;4
500;4/15/20;1533;EB506;3
501;4/15/20;1933;BP106;4
502;4/16/20;1547;TV801;3
503;4/16/20;449;BP107;5
504;4/16/20;1304;EB505;1
505;4/16/20;1503;EB507;3
506;4/16/20;1840;RS703;4
507;4/16/20;1654;RK603;2
508;4/17/20;551;TV810;3
509;4/17/20;1733;BP108;2
510;4/17/20;1115;RK607;3
511;4/17/20;729;BP101;5
512;4/18/20;1975;RK607;3
513;4/18/20;544;TV802;3
514;4/18/20;534;EB502;3
515;4/19/20;1860;DK208;1
516;4/19/20;1615;TV802;5
517;4/20/20;1964;DK208;5
518;4/20/20;530;EB511;4
519;4/20/20;355;EB509;3
520;4/20/20;1332;DK204;6
521;4/20/20;133;EB513;3
522;4/21/20;1231;EB514;3
523;4/21/20;423;RK603;1
524;4/21/20;492;DS301;3
525;4/22/20;99;EB502;3
526;4/22/20;1463;RK606;2
527;4/22/20;1335;DS303;2
528;4/23/20;12;TV807;5
529;4/23/20;1818;RS702;2
530;4/23/20;897;EB503;1
531;4/24/20;743;DS301;5
532;4/24/20;493;BP107;3
533;4/24/20;1732;EB516;5
534;4/24/20;485;BP108;5
535;4/25/20;525;EB504;3
536;4/25/20;868;TV812;4
537;4/25/20;344;BP101;4
538;4/25/20;206;BP102;2
539;4/25/20;1315;EB506;3
540;4/25/20;1371;RS702;5
541;4/25/20;422;RS707;3
542;4/26/20;1398;DS305;4
543;4/26/20;1561;TV809;3
544;4/26/20;1741;EB508;4
545;4/27/20;1565;BP101;4
546;4/28/20;1911;EB517;4
547;4/28/20;1328;BP110;2
548;4/29/20;810;EB511;5
549;4/29/20;659;EB517;2
550;4/29/20;372;TV806;3
551;4/29/20;740;RK604;3
552;4/29/20;1734;BP107;6
553;4/30/20;1116;TV801;6
554;4/30/20;954;RK607;3
555;4/30/20;1837;BP104;5
556;4/30/20;1660;RS705;3
557;4/30/20;720;EB517;4
558;5/1/20;943;BP110;2
559;5/1/20;1846;DK208;2
560;5/2/20;1809;DS305;2
561;5/3/20;1249;BP105;2
562;5/3/20;794;BP110;2
563;5/3/20;1670;EB520;4
564;5/3/20;236;BP106;2
565;5/4/20;1733;DK207;4
566;5/4/20;505;DS301;2
567;5/4/20;1099;DK203;4
568;5/4/20;1743;BP106;4
569;5/4/20;2042;DK202;2
570;5/4/20;1209;BP106;6
571;5/5/20;1163;EB507;5
572;5/5/20;189;EB519;3
573;5/5/20;265;TV806;2
574;5/5/20;636;TV809;3
575;5/6/20;635;BP101;2
576;5/6/20;1923;BP110;4
577;5/6/20;775;TV809;5
578;5/6/20;584;BP109;1
579;5/7/20;1635;BP107;2
580;5/7/20;661;DK208;5
581;5/7/20;1300;EB514;3
582;5/7/20;1877;TV804;2
583;5/7/20;545;DK203;2
584;5/8/20;1806;BP106;2
585;5/8/20;1326;DK209;1
586;5/8/20;2104;BP109;3
587;5/8/20;1291;TV808;3
588;5/8/20;543;BP109;5
589;5/8/20;2039;BP101;3
590;5/8/20;890;EB511;4
591;5/8/20;308;EB509;4
592;5/8/20;1801;DS306;1
593;5/8/20;1201;RS704;5
594;5/9/20;106;EB516;4
595;5/9/20;1944;BP109;4
596;5/9/20;95;BP106;2
597;5/9/20;1461;BP110;3
598;5/9/20;1125;RK604;2
599;5/9/20;1741;DS303;3
600;5/9/20;1175;EB516;3
601;5/9/20;1909;DS303;3
602;5/9/20;2100;BP110;2
603;5/9/20;520;RK605;5
604;5/10/20;874;RK606;5
605;5/10/20;633;TV804;2
606;5/10/20;600;EB519;3
607;5/10/20;225;DS307;6
608;5/11/20;340;EB520;3
609;5/11/20;279;BP105;3
610;5/11/20;1934;TV803;2
611;5/11/20;158;EB517;3
612;5/11/20;2057;TV806;2
613;5/12/20;1098;DK202;3
614;5/12/20;1685;TV807;4
615;5/12/20;1551;EB506;3
616;5/13/20;1996;EB506;5
617;5/13/20;970;RK603;1
618;5/13/20;717;DK201;3
619;5/13/20;400;TV807;4
620;5/13/20;1069;BP106;2
621;5/13/20;790;EB513;5
622;5/13/20;1299;RS703;4
623;5/14/20;954;BP109;2
624;5/14/20;656;RS704;3
625;5/14/20;1343;EB519;4
626;5/14/20;2045;DS307;1
627;5/14/20;590;RK605;2
628;5/14/20;893;DK206;5
629;5/14/20;1603;TV811;1
630;5/15/20;95;TV808;4
631;5/15/20;1623;BP101;3
632;5/15/20;755;EB513;5
633;5/15/20;71;RK606;2
634;5/16/20;1885;RS703;3
635;5/16/20;710;DK209;5
636;5/16/20;451;TV806;3
637;5/16/20;1086;DS301;6
638;5/16/20;1731;DS302;4
639;5/16/20;1091;DK201;3
640;5/17/20;1900;BP110;4
641;5/17/20;1687;DS305;5
642;5/17/20;2120;TV807;4
643;5/17/20;1875;DK209;2
644;5/17/20;330;TV804;5
645;5/17/20;848;EB520;5
646;5/17/20;868;DK202;3
647;5/18/20;1850;RS704;6
648;5/18/20;1424;TV812;3
649;5/18/20;1425;BP110;3
650;5/18/20;1797;EB516;3
651;5/19/20;1355;DS307;3
652;5/19/20;2109;DS304;2
653;5/19/20;1132;DK201;3
654;5/19/20;1004;RS705;5
655;5/19/20;1812;TV803;2
656;5/19/20;2095;DK206;1
657;5/19/20;1102;BP109;3
658;5/19/20;782;TV802;4
659;5/19/20;1953;DS303;4
660;5/20/20;1036;DS307;5
661;5/20/20;2016;RK602;3
662;5/20/20;1241;RS703;5
663;5/20/20;1114;BP110;4
664;5/20/20;1119;EB514;6
665;5/20/20;1518;EB512;5
666;5/21/20;565;RS703;2
667;5/21/20;946;TV802;1
668;5/21/20;875;BP110;4
669;5/21/20;1682;RK602;5
670;5/21/20;1861;DK204;6
671;5/22/20;285;EB521;1
672;5/22/20;1273;EB504;3
673;5/22/20;810;BP106;4
674;5/22/20;80;TV804;2
675;5/23/20;1108;DS304;2
676;5/23/20;1063;TV810;2
677;5/23/20;698;TV802;1
678;5/23/20;582;DS306;4
679;5/23/20;1726;TV808;3
680;5/24/20;1840;EB508;4
681;5/24/20;517;DK205;2
682;5/24/20;1454;DK207;1
683;5/24/20;522;RS703;2
684;5/24/20;854;DK205;4
685;5/25/20;946;DK207;1
686;5/25/20;1974;RS703;4
687;5/25/20;2123;TV805;5
688;5/26/20;1430;DK203;3
689;5/26/20;1982;EB502;4
690;5/26/20;454;EB521;4
691;5/26/20;440;DK207;5
692;5/26/20;801;EB506;3
693;5/26/20;479;BP110;3
694;5/27/20;1599;DS307;2
695;5/27/20;1021;RK606;5
696;5/27/20;1090;DK208;4
697;5/27/20;1581;EB507;3
698;5/28/20;595;RK602;3
699;5/28/20;1635;DK202;4
700;5/28/20;1337;EB520;4
701;5/28/20;658;TV801;5
702;5/29/20;164;EB520;4
703;5/29/20;1525;EB503;5
704;5/29/20;471;TV808;3
705;5/29/20;406;TV804;3
706;5/29/20;730;DS304;3
707;5/30/20;517;EB503;2
708;5/30/20;1083;DS301;2
709;5/30/20;1863;TV807;4
710;5/30/20;845;BP102;4
711;5/30/20;414;DK205;4
712;5/30/20;1415;DS305;5
713;5/30/20;1780;DS305;4
714;5/30/20;1253;RK607;3
715;5/30/20;925;DS302;2
716;5/31/20;1206;RS703;4
717;5/31/20;1837;TV813;4
718;5/31/20;2074;TV806;5
719;5/31/20;126;EB516;4
720;6/1/20;774;BP102;3
721;6/1/20;1853;DK209;3
722;6/1/20;1608;EB508;5
723;6/1/20;125;RK604;2
724;6/1/20;1003;DK205;5
725;6/2/20;1646;TV812;3
726;6/2/20;1292;TV813;2
727;6/2/20;1457;BP109;4
728;6/2/20;1029;DK209;5
729;6/2/20;131;DS304;4
730;6/2/20;2119;TV810;4
731;6/2/20;514;RS702;1
732;6/2/20;672;DK202;2
733;6/2/20;1318;TV802;1
734;6/2/20;1461;RS705;3
735;6/2/20;1912;EB504;4
736;6/3/20;1409;EB513;4
737;6/3/20;24;BP107;5
738;6/3/20;1851;TV810;1
739;6/3/20;875;EB505;4
740;6/4/20;1688;EB507;5
741;6/4/20;325;DK202;6
742;6/4/20;201;TV808;2
743;6/5/20;344;RK607;6
744;6/5/20;1641;EB512;3
745;6/5/20;48;EB502;4
746;6/5/20;74;EB503;4
747;6/5/20;1777;DK209;6
748;6/6/20;1782;DS306;2
749;6/6/20;1378;EB506;3
750;6/7/20;214;EB513;4
751;6/7/20;1326;EB502;2
752;6/7/20;587;RS706;3
753;6/7/20;1484;DK203;5
754;6/7/20;783;EB512;6
755;6/8/20;282;EB507;5
756;6/8/20;1485;DS305;5
757;6/8/20;635;TV809;2
758;6/8/20;334;BP104;6
759;6/9/20;1072;DS305;4
760;6/9/20;326;RS705;6
761;6/9/20;163;TV804;3
762;6/9/20;1408;EB503;1
763;6/9/20;968;EB508;3
764;6/9/20;422;TV808;4
765;6/10/20;1617;EB507;5
766;6/10/20;1275;BP106;2
767;6/10/20;295;EB511;3
768;6/10/20;626;TV803;4
769;6/11/20;1984;EB506;4
770;6/11/20;2034;DK207;4
771;6/11/20;889;EB501;1
772;6/11/20;1004;DK209;5
773;6/12/20;1624;EB518;3
774;6/13/20;1236;RK605;3
775;6/13/20;1793;TV801;5
776;6/13/20;1016;EB509;4
777;6/14/20;279;DK205;2
778;6/14/20;1926;TV813;6
779;6/15/20;1398;BP109;2
780;6/15/20;1571;TV806;3
781;6/15/20;1404;RK606;6
782;6/16/20;976;BP110;4
783;6/16/20;1638;BP108;4
784;6/16/20;513;TV812;3
785;6/16/20;741;DK207;3
786;6/16/20;710;RK602;3
787;6/16/20;871;EB520;4
788;6/17/20;976;TV811;6
789;6/17/20;1195;TV811;4
790;6/17/20;181;EB509;4
791;6/18/20;852;RK604;3
792;6/18/20;1722;RK605;5
793;6/19/20;1944;DK207;4
794;6/19/20;1310;DK204;4
795;6/19/20;1521;EB511;4
796;6/19/20;6;DK205;3
797;6/19/20;1034;TV812;2
798;6/19/20;1607;BP108;1
799;6/19/20;699;BP105;6
800;6/20/20;642;RK604;3
801;6/20/20;795;TV811;2
802;6/20/20;200;DS305;2
803;6/20/20;327;DK203;4
804;6/20/20;1763;EB518;5
805;6/21/20;152;DS303;5
806;6/21/20;1508;TV813;1
807;6/21/20;1389;DS301;3
808;6/22/20;1220;DK204;4
809;6/22/20;651;RK606;6
810;6/22/20;128;RS705;4
811;6/22/20;897;DS303;2
812;6/22/20;1713;DK201;5
813;6/22/20;1775;EB518;1
814;6/23/20;739;TV803;2
815;6/23/20;1929;BP104;3
816;6/23/20;380;DK208;3
817;6/23/20;1332;EB506;3
818;6/23/20;463;RK603;4
819;6/24/20;1707;BP107;3
820;6/24/20;56;TV805;1
821;6/25/20;1852;RK605;3
822;6/25/20;669;DK208;5
823;6/25/20;2001;DK203;4
824;6/25/20;510;RS702;4
825;6/25/20;651;DK205;5
826;6/25/20;643;EB520;5
827;6/25/20;310;BP102;4
828;6/26/20;1075;RS703;3
829;6/26/20;1645;BP107;5
830;6/26/20;775;TV804;6
831;6/26/20;155;RS703;2
832;6/27/20;1084;EB512;4
833;6/27/20;1069;DS302;4
834;6/27/20;485;DK206;4
835;6/28/20;1859;DS305;3
836;6/28/20;886;BP109;4
837;6/28/20;361;BP106;3
838;6/28/20;240;RK607;4
839;6/28/20;800;BP101;4
840;6/29/20;523;RK602;4
841;6/30/20;1851;EB505;3
842;6/30/20;217;RK604;5
843;6/30/20;626;RS706;5
844;7/1/20;1356;RK602;3
845;7/1/20;1397;RK602;4
846;7/1/20;1235;EB505;5
847;7/1/20;760;DK202;4
848;7/1/20;669;DS301;6
849;7/1/20;122;RS706;4
850;7/2/20;1813;BP106;5
851;7/2/20;2073;EB514;4
852;7/2/20;628;TV805;5
853;7/2/20;1531;BP101;6
854;7/2/20;809;EB507;4
855;7/3/20;1843;EB519;4
856;7/3/20;310;TV813;3
857;7/3/20;338;DK201;6
858;7/4/20;1476;TV804;6
859;7/4/20;1867;RS703;3
860;7/4/20;1588;BP106;4
861;7/4/20;1583;RS704;3
862;7/4/20;1761;EB502;3
863;7/4/20;275;BP105;1
864;7/4/20;1507;DS306;4
865;7/5/20;708;BP110;6
866;7/5/20;1665;TV807;3
867;7/5/20;1778;EB517;4
868;7/5/20;1518;DS302;3
869;7/5/20;1452;TV804;6
870;7/5/20;755;TV802;2
871;7/6/20;446;EB521;4
872;7/6/20;581;DS304;3
873;7/6/20;1839;EB507;4
874;7/7/20;244;TV812;1
875;7/7/20;981;EB519;4
876;7/7/20;433;DK204;6
877;7/8/20;2025;DS303;2
878;7/8/20;1963;RK604;5
879;7/8/20;1314;EB517;5
880;7/8/20;1964;DS306;5
881;7/8/20;218;TV803;5
882;7/8/20;2090;TV801;5
883;7/8/20;538;EB503;3
884;7/8/20;764;TV804;3
885;7/8/20;828;TV803;5
886;7/8/20;1240;DS306;3
887;7/9/20;354;EB513;4
888;7/9/20;1408;DS304;2
889;7/9/20;2115;BP102;6
890;7/9/20;1916;EB507;6
891;7/9/20;1803;EB502;2
892;7/10/20;2006;DK204;6
893;7/10/20;854;EB518;6
894;7/10/20;418;DK209;5
895;7/10/20;1427;BP101;3
896;7/10/20;1121;DK205;3
897;7/10/20;1067;DS307;2
898;7/10/20;1208;TV813;5
899;7/10/20;1909;DS306;3
900;7/11/20;1548;EB517;5
901;7/11/20;616;DS307;3
902;7/11/20;1343;TV802;3
903;7/11/20;1408;DK205;3
904;7/11/20;714;BP105;2
905;7/11/20;742;EB502;4
906;7/12/20;717;DS301;2
907;7/12/20;323;DS301;2
908;7/12/20;1756;RS706;1
909;7/12/20;1878;RK602;5
910;7/12/20;1038;EB503;3
911;7/13/20;727;RK605;2
912;7/13/20;1159;EB502;3
913;7/13/20;397;TV807;4
914;7/13/20;1120;TV808;2
915;7/13/20;1370;RS705;2
916;7/13/20;430;TV802;3
917;7/14/20;1814;BP108;5
918;7/14/20;498;EB503;2
919;7/14/20;1406;DK204;2
920;7/14/20;950;EB507;4
921;7/14/20;1756;TV808;5
922;7/14/20;677;RK607;3
923;7/15/20;470;BP109;3
924;7/15/20;1209;TV812;4
925;7/15/20;2102;DK205;2
926;7/16/20;1357;BP108;6
927;7/16/20;1538;BP106;5
928;7/17/20;679;BP102;2
929;7/17/20;1171;EB503;4
930;7/18/20;935;BP108;5
931;7/18/20;1872;TV809;5
932;7/18/20;1665;TV802;3
933;7/18/20;614;TV813;3
934;7/18/20;1794;EB517;3
935;7/19/20;1139;TV810;2
936;7/19/20;98;BP104;6
937;7/19/20;1153;RK602;4
938;7/19/20;1809;RS702;3
939;7/19/20;1225;BP107;5
940;7/20/20;66;BP108;2
941;7/20/20;1259;TV808;3
942;7/20/20;406;DS301;3
943;7/20/20;648;EB507;4
944;7/20/20;184;TV804;4
945;7/21/20;820;EB504;3
946;7/21/20;654;DK201;5
947;7/21/20;1183;DS306;2
948;7/21/20;1121;RK603;4
949;7/21/20;652;EB505;2
950;7/21/20;1284;EB514;5
951;7/21/20;155;DK203;4
952;7/21/20;1202;TV802;4
953;7/21/20;222;RK603;3
954;7/22/20;1806;DS303;3
955;7/22/20;1840;DS303;4
956;7/22/20;1108;DS301;4
957;7/22/20;254;TV804;1
958;7/22/20;134;RK607;4
959;7/22/20;906;TV807;5
960;7/22/20;1226;EB503;3
961;7/22/20;863;RK606;6
962;7/23/20;2107;TV810;4
963;7/23/20;75;RS707;5
964;7/23/20;1651;DK201;2
965;7/23/20;1916;EB512;2
966;7/24/20;603;EB508;2
967;7/24/20;1184;TV808;3
968;7/25/20;575;BP110;5
969;7/26/20;2000;DS306;1
970;7/26/20;1672;DS305;5
971;7/26/20;576;DS302;6
972;7/26/20;1055;EB501;5
973;7/27/20;1303;TV802;1
974;7/27/20;27;BP105;5
975;7/28/20;881;RK605;4
976;7/28/20;1661;RS705;2
977;7/28/20;591;EB519;5
978;7/28/20;1353;EB513;3
979;7/29/20;1179;TV809;1
980;7/29/20;351;RS707;6
981;7/29/20;228;TV809;4
982;7/29/20;1060;BP109;5
983;7/29/20;10;BP110;4
984;7/29/20;674;TV809;3
985;7/29/20;1834;RK607;3
986;7/30/20;1411;DK208;5
987;7/30/20;914;RS703;5
988;7/30/20;499;BP109;2
989;7/30/20;1524;TV809;4
990;7/30/20;2110;DK201;4
991;7/30/20;673;DK207;3
992;7/31/20;382;TV806;2
993;7/31/20;437;DK205;4
994;7/31/20;483;RK607;3
995;7/31/20;575;RS704;5
996;8/1/20;1943;DS305;3
997;8/1/20;1310;BP107;2
998;8/2/20;1012;BP105;4
999;8/2/20;504;DK208;3
1000;8/3/20;1342;TV811;4
1001;8/3/20;1923;RK607;4
1002;8/3/20;1292;BP110;2
1003;8/3/20;1257;BP104;2
1004;8/3/20;1435;RK605;4
1005;8/3/20;1746;BP106;3
1006;8/3/20;1450;DK207;3
1007;8/3/20;1371;EB505;4
1008;8/3/20;695;DS307;5
1009;8/4/20;1461;EB519;6
1010;8/4/20;143;DK203;5
1011;8/4/20;720;EB517;4
1012;8/4/20;787;DK208;5
1013;8/4/20;1468;DK208;3
1014;8/5/20;728;DS304;4
1015;8/6/20;181;EB506;5
1016;8/6/20;931;RK603;2
1017;8/6/20;1786;RS707;1
1018;8/6/20;1851;EB513;4
1019;8/6/20;736;DK206;2
1020;8/6/20;1042;DS301;2
1021;8/7/20;1636;EB512;4
1022;8/7/20;2073;RS703;2
1023;8/7/20;274;RS706;5
1024;8/7/20;465;EB501;4
1025;8/8/20;1770;EB505;6
1026;8/8/20;1725;DS304;4
1027;8/8/20;169;BP102;5
1028;8/8/20;970;RS702;4
1029;8/8/20;1838;EB519;2
1030;8/9/20;1733;RS702;2
1031;8/9/20;1780;RS706;3
1032;8/9/20;1310;DS302;4
1033;8/9/20;1331;DK204;4
1034;8/9/20;1294;BP109;4
1035;8/10/20;1398;RK606;4
1036;8/10/20;1886;TV813;3
1037;8/10/20;1230;DK204;3
1038;8/10/20;154;TV804;3
1039;8/10/20;620;DK207;2
1040;8/11/20;1706;RK607;3
1041;8/11/20;929;EB518;4
1042;8/11/20;1230;TV806;4
1043;8/11/20;1058;DK202;4
1044;8/11/20;334;DS301;5
1045;8/12/20;500;EB504;2
1046;8/12/20;1293;RK602;2
1047;8/12/20;1951;EB506;2
1048;8/13/20;266;EB501;2
1049;8/14/20;1530;TV811;1
1050;8/15/20;1174;EB520;5
1051;8/15/20;47;RS706;3
1052;8/15/20;1161;DS304;5
1053;8/15/20;272;TV811;2
1054;8/15/20;489;RK604;4
1055;8/15/20;1992;RK605;3
1056;8/15/20;2079;BP108;3
1057;8/16/20;1300;DK207;3
1058;8/16/20;146;TV805;6
1059;8/16/20;360;EB517;1
1060;8/16/20;200;EB509;4
1061;8/17/20;1003;RS704;6
1062;8/17/20;429;RS705;4
1063;8/17/20;1122;BP106;4
1064;8/17/20;1434;BP106;3
1065;8/17/20;1050;BP101;4
1066;8/17/20;1723;TV802;3
1067;8/17/20;329;DK202;5
1068;8/17/20;1334;DS302;4
1069;8/18/20;221;BP108;2
1070;8/18/20;1908;RK607;2
1071;8/18/20;559;BP104;5
1072;8/19/20;143;TV813;3
1073;8/19/20;1121;RS703;4
1074;8/19/20;305;EB512;4
1075;8/19/20;1859;EB511;4
1076;8/20/20;968;RS702;4
1077;8/20/20;965;EB516;4
1078;8/21/20;1018;DK201;2
1079;8/21/20;37;DS302;3
1080;8/21/20;974;DK209;5
1081;8/21/20;1479;RS706;1
1082;8/22/20;379;DK208;4
1083;8/22/20;130;DS301;5
1084;8/22/20;601;EB506;3
1085;8/22/20;1837;EB518;2
1086;8/22/20;1549;EB514;4
1087;8/22/20;494;BP107;5
1088;8/22/20;545;EB518;5
1089;8/23/20;1876;EB520;2
1090;8/24/20;542;DK201;4
1091;8/24/20;2047;BP110;2
1092;8/24/20;356;RK604;3
1093;8/24/20;886;DK205;4
1094;8/24/20;1102;RK602;6
1095;8/24/20;1716;DK203;4
1096;8/24/20;793;DK202;4
1097;8/24/20;185;EB516;3
1098;8/25/20;1480;BP101;2
1099;8/25/20;1732;TV803;5
1100;8/25/20;1679;DK206;4
1101;8/25/20;287;BP108;4
1102;8/25/20;420;DK204;5
1103;8/26/20;448;DS303;5
1104;8/26/20;66;RK604;3
1105;8/26/20;818;EB504;4
1106;8/26/20;707;EB519;6
1107;8/27/20;1504;RK606;2
1108;8/27/20;2005;DS301;2
1109;8/27/20;213;TV801;3
1110;8/27/20;1335;TV804;3
1111;8/27/20;666;DS301;3
1112;8/28/20;1161;RS702;6
1113;8/28/20;522;RS707;3
1114;8/28/20;1582;EB511;1
1115;8/28/20;319;DS305;3
1116;8/29/20;1481;RK607;2
1117;8/29/20;1268;BP108;6
1118;8/29/20;314;EB511;1
1119;8/29/20;1016;RS704;5
1120;8/30/20;788;DK208;3
1121;8/30/20;1632;EB505;2
1122;8/31/20;1645;DK202;4
1123;8/31/20;2025;TV808;2
1124;9/1/20;359;BP106;4
1125;9/1/20;864;DS304;3
1126;9/1/20;624;EB504;3
1127;9/1/20;473;DK205;6
1128;9/1/20;602;EB509;2
1129;9/1/20;941;EB509;5
1130;9/1/20;1884;EB509;3
1131;9/1/20;1015;BP101;3
1132;9/1/20;1280;EB503;5
1133;9/1/20;1787;RS703;3
1134;9/1/20;1227;RS702;3
1135;9/2/20;1883;BP108;6
1136;9/2/20;72;BP105;3
1137;9/2/20;404;TV806;3
1138;9/2/20;864;RS703;4
1139;9/2/20;1661;DS306;4
1140;9/2/20;107;RK606;1
1141;9/2/20;1196;RS707;4
1142;9/3/20;1768;TV813;2
1143;9/3/20;416;DS307;6
1144;9/3/20;1444;TV813;5
1145;9/4/20;497;RS707;5
1146;9/4/20;1078;TV809;2
1147;9/4/20;1856;DK207;1
1148;9/4/20;1500;RK602;5
1149;9/4/20;574;EB504;2
1150;9/4/20;733;BP105;4
1151;9/4/20;1933;EB519;5
1152;9/4/20;1845;DS303;6
1153;9/4/20;1482;EB520;2
1154;9/5/20;485;DK201;2
1155;9/5/20;894;DK207;3
1156;9/5/20;1398;TV811;3
1157;9/5/20;1251;BP101;4
1158;9/5/20;127;EB518;1
1159;9/6/20;1225;BP110;2
1160;9/6/20;1099;RS702;3
1161;9/7/20;308;RS707;3
1162;9/7/20;57;EB503;4
1163;9/7/20;193;EB511;2
1164;9/8/20;312;TV807;3
1165;9/8/20;1533;TV808;3
1166;9/8/20;1663;BP102;4
1167;9/9/20;928;RK602;3
1168;9/9/20;1703;EB513;5
1169;9/9/20;643;EB516;2
1170;9/9/20;1941;BP102;5
1171;9/9/20;1501;EB502;2
1172;9/9/20;302;EB509;3
1173;9/9/20;1158;TV809;2
1174;9/9/20;1039;TV810;4
1175;9/9/20;914;DK209;4
1176;9/10/20;1012;DK209;2
1177;9/10/20;1331;RS706;5
1178;9/10/20;1862;TV809;4
1179;9/10/20;843;RK606;4
1180;9/10/20;1339;TV807;5
1181;9/10/20;237;DK202;5
1182;9/11/20;152;RS702;4
1183;9/11/20;1873;EB504;2
1184;9/11/20;112;TV808;3
1185;9/12/20;102;RS707;5
1186;9/12/20;1548;RS703;6
1187;9/12/20;229;EB519;3
1188;9/12/20;603;EB509;2
1189;9/13/20;1969;DK208;2
1190;9/13/20;313;EB513;5
1191;9/13/20;1621;TV804;5
1192;9/13/20;580;TV804;2
1193;9/13/20;858;EB503;5
1194;9/13/20;1465;DS304;5
1195;9/13/20;1119;EB506;6
1196;9/14/20;1039;RS707;4
1197;9/14/20;1230;EB507;3
1198;9/14/20;1364;EB509;3
1199;9/14/20;1158;BP110;4
1200;9/15/20;1375;DK202;5
1201;9/15/20;283;TV807;4
1202;9/15/20;1900;BP106;5
1203;9/16/20;2121;DK206;4
1204;9/16/20;2042;TV810;2
1205;9/16/20;1659;EB503;3
1206;9/16/20;241;BP104;5
1207;9/16/20;997;TV805;3
1208;9/16/20;142;BP110;2
1209;9/16/20;978;DK202;4
1210;9/17/20;422;RS704;2
1211;9/17/20;1843;TV809;6
1212;9/17/20;2000;DK207;5
1213;9/17/20;235;RK605;2
1214;9/17/20;928;TV808;2
1215;9/17/20;1108;EB519;5
1216;9/17/20;1694;TV809;4
1217;9/18/20;615;EB512;4
1218;9/18/20;1277;BP101;5
1219;9/18/20;1347;EB512;4
1220;9/18/20;295;EB514;4
1221;9/18/20;1334;RS704;4
1222;9/18/20;475;RS703;4
1223;9/19/20;267;DS304;2
1224;9/19/20;714;BP105;5
1225;9/19/20;287;EB504;2
1226;9/19/20;307;TV811;2
1227;9/19/20;478;EB514;3
1228;9/19/20;1898;EB511;2
1229;9/19/20;1128;EB509;1
1230;9/20/20;609;TV805;5
1231;9/21/20;604;EB503;2
1232;9/21/20;657;EB514;5
1233;9/22/20;1111;RS706;6
1234;9/22/20;193;DK202;6
1235;9/22/20;1500;BP110;5
1236;9/22/20;2094;RK605;4
1237;9/22/20;239;TV803;2
1238;9/22/20;465;TV801;5
1239;9/22/20;711;EB508;5
1240;9/22/20;111;BP110;3
1241;9/22/20;1492;BP105;6
1242;9/22/20;655;DK202;4
1243;9/23/20;836;RK606;1
1244;9/23/20;1072;BP106;5
1245;9/23/20;391;TV803;3
1246;9/23/20;569;RS704;3
1247;9/23/20;572;BP107;3
1248;9/23/20;1387;TV812;2
1249;9/24/20;715;RS702;2
1250;9/24/20;109;EB518;5
1251;9/24/20;775;TV807;2
1252;9/25/20;273;RK606;6
1253;9/25/20;440;EB516;1
1254;9/25/20;950;EB521;3
1255;9/25/20;1631;TV806;4
1256;9/25/20;605;EB513;4
1257;9/25/20;550;TV801;4
1258;9/26/20;1083;DK203;3
1259;9/26/20;30;DK203;3
1260;9/26/20;1845;TV807;5
1261;9/26/20;77;RS703;4
1262;9/26/20;2114;TV804;2
1263;9/27/20;1352;EB520;5
1264;9/27/20;1255;DK206;2
1265;9/27/20;1072;TV803;3
1266;9/28/20;1646;DS305;3
1267;9/28/20;1386;TV807;4
1268;9/28/20;272;TV811;3
1269;9/28/20;1716;EB513;1
1270;9/28/20;54;RK603;3
1271;9/28/20;316;TV804;2
1272;9/29/20;599;EB511;4
1273;9/29/20;802;DS307;4
1274;9/29/20;162;EB517;3
1275;9/29/20;1607;EB517;2
1276;9/29/20;621;TV809;6
1277;9/30/20;1051;DK204;4
1278;9/30/20;99;DK202;4
1279;9/30/20;71;EB520;4
1280;9/30/20;848;RK603;2
1281;9/30/20;995;RK606;3
1282;9/30/20;163;RK605;3
1283;9/30/20;485;EB501;3
1284;10/1/20;169;RK607;4
1285;10/1/20;1371;DK206;3
1286;10/1/20;1410;EB519;2
1287;10/1/20;1047;DK204;3
1288;10/2/20;1053;RK606;2
1289;10/2/20;1146;TV808;3
1290;10/2/20;1961;DK204;3
1291;10/2/20;476;DK204;2
1292;10/2/20;1450;TV802;2
1293;10/2/20;579;BP108;3
1294;10/3/20;1028;EB506;4
1295;10/4/20;618;TV810;4
1296;10/4/20;1704;RS704;5
1297;10/4/20;773;EB517;4
1298;10/4/20;426;BP105;4
1299;10/5/20;362;DS301;4
1300;10/5/20;2056;BP105;5
1301;10/5/20;1032;EB520;6
1302;10/5/20;218;EB518;5
1303;10/6/20;141;BP107;3
1304;10/6/20;1453;EB502;5
1305;10/6/20;1552;RK606;6
1306;10/6/20;602;RS702;4
1307;10/7/20;866;DS307;4
1308;10/7/20;2055;EB519;5
1309;10/7/20;1636;DK206;3
1310;10/7/20;1263;BP104;3
1311;10/7/20;2078;RK604;1
1312;10/8/20;1101;EB512;4
1313;10/8/20;341;EB504;2
1314;10/8/20;1233;EB519;3
1315;10/8/20;1544;TV803;4
1316;10/9/20;1638;DK203;4
1317;10/9/20;1478;TV802;4
1318;10/9/20;1144;TV804;4
1319;10/9/20;559;TV805;4
1320;10/10/20;534;BP101;2
1321;10/10/20;1460;BP106;5
1322;10/10/20;1035;DK207;5
1323;10/10/20;1695;RK605;6
1324;10/10/20;671;BP102;4
1325;10/10/20;244;TV802;3
1326;10/10/20;703;TV810;4
1327;10/10/20;1366;DK206;2
1328;10/10/20;1850;BP105;6
1329;10/11/20;141;RK604;3
1330;10/11/20;555;DK204;5
1331;10/11/20;1864;EB521;5
1332;10/12/20;1437;DS306;5
1333;10/12/20;1284;EB508;3
1334;10/12/20;357;DS305;3
1335;10/12/20;99;DS305;3
1336;10/13/20;72;TV808;4
1337;10/13/20;1193;RS704;5
1338;10/13/20;843;EB508;3
1339;10/13/20;1920;EB505;3
1340;10/13/20;1766;RS705;4
1341;10/13/20;153;TV806;2
1342;10/14/20;1573;TV810;4
1343;10/14/20;435;EB520;2
1344;10/14/20;1167;DS303;3
1345;10/14/20;1027;EB521;4
1346;10/14/20;636;TV812;6
1347;10/14/20;1630;DK208;2
1348;10/14/20;406;BP105;5
1349;10/15/20;886;EB514;2
1350;10/15/20;946;EB513;1
1351;10/15/20;1295;BP104;2
1352;10/15/20;756;RK607;4
1353;10/15/20;998;BP110;3
1354;10/15/20;631;DK204;2
1355;10/15/20;1834;DS305;3
1356;10/15/20;1397;TV813;4
1357;10/15/20;1726;DS303;5
1358;10/15/20;1142;EB517;3
1359;10/16/20;2101;BP105;5
1360;10/16/20;1521;BP108;5
1361;10/16/20;757;BP104;3
1362;10/17/20;1576;DS306;2
1363;10/17/20;614;TV809;3
1364;10/17/20;1570;EB520;3
1365;10/18/20;963;EB502;5
1366;10/18/20;835;EB511;2
1367;10/18/20;538;RK607;4
1368;10/18/20;179;DK207;5
1369;10/18/20;1334;DS307;3
1370;10/18/20;2011;EB502;3
1371;10/19/20;287;EB505;4
1372;10/19/20;1538;DS305;3
1373;10/19/20;677;EB511;2
1374;10/19/20;1013;DK202;3
1375;10/19/20;45;RK604;3
1376;10/20/20;1133;RS704;6
1377;10/20/20;613;TV810;3
1378;10/20/20;373;EB509;4
1379;10/21/20;1832;TV801;6
1380;10/21/20;1049;BP110;4
1381;10/21/20;813;TV806;2
1382;10/21/20;1373;RK605;4
1383;10/21/20;959;EB504;2
1384;10/21/20;1000;RS707;3
1385;10/22/20;2009;RS707;5
1386;10/22/20;306;EB520;3
1387;10/22/20;1554;EB507;6
1388;10/22/20;1233;EB503;4
1389;10/22/20;2074;TV811;4
1390;10/22/20;776;DS304;1
1391;10/23/20;1879;TV813;5
1392;10/23/20;2004;TV807;3
1393;10/23/20;1002;BP108;3
1394;10/23/20;1094;EB504;4
1395;10/23/20;308;RK603;5
1396;10/23/20;2052;TV808;3
1397;10/23/20;1986;TV801;6
1398;10/24/20;1010;BP107;1
1399;10/24/20;229;TV802;2
1400;10/24/20;49;BP110;5
1401;10/24/20;473;RK602;1
1402;10/24/20;1989;DS301;3
1403;10/25/20;667;EB514;2
1404;10/25/20;902;RS702;3
1405;10/25/20;1758;DK209;2
1406;10/25/20;1086;TV812;5
1407;10/25/20;1669;EB511;5
1408;10/25/20;844;BP110;3
1409;10/26/20;1306;RS704;3
1410;10/26/20;428;EB508;3
1411;10/27/20;387;RS703;3
1412;10/27/20;1762;DK201;3
1413;10/27/20;845;RK607;4
1414;10/27/20;310;EB513;6
1415;10/27/20;43;DS307;3
1416;10/27/20;1570;TV811;4
1417;10/27/20;1360;BP110;5
1418;10/28/20;1202;EB518;4
1419;10/28/20;2043;EB503;2
1420;10/28/20;196;DK209;1
1421;10/28/20;1040;RS703;4
1422;10/29/20;2058;DK207;5
1423;10/29/20;1401;DK203;3
1424;10/29/20;1516;TV807;3
1425;10/29/20;1071;TV810;5
1426;10/30/20;1620;EB521;1
1427;10/30/20;624;TV808;3
1428;10/30/20;1074;EB502;4
1429;10/30/20;473;DK204;4
1430;10/31/20;1525;BP102;4
1431;10/31/20;820;EB503;3
1432;10/31/20;1436;EB506;4
1433;10/31/20;940;DK205;1
1434;11/1/20;1155;TV805;4
1435;11/1/20;303;TV801;4
1436;11/2/20;1031;TV808;4
1437;11/2/20;189;BP108;6
1438;11/2/20;1432;RK602;4
1439;11/2/20;10;DS307;5
1440;11/3/20;1572;DS306;4
1441;11/3/20;988;DS305;2
1442;11/3/20;866;TV804;2
1443;11/3/20;1096;RK604;1
1444;11/3/20;46;RS705;3
1445;11/3/20;184;BP101;4
1446;11/4/20;1438;DK202;1
1447;11/4/20;35;DK201;3
1448;11/4/20;428;TV803;5
1449;11/4/20;952;RK606;4
1450;11/4/20;614;EB521;4
1451;11/5/20;1697;EB516;5
1452;11/5/20;470;BP107;3
1453;11/5/20;1160;TV802;2
1454;11/5/20;1549;TV806;3
1455;11/6/20;826;RS705;4
1456;11/7/20;510;DK205;6
1457;11/7/20;1752;RK604;3
1458;11/8/20;1974;RK607;3
1459;11/8/20;293;TV804;1
1460;11/8/20;1183;RK602;4
1461;11/8/20;1601;EB506;4
1462;11/9/20;285;RK606;5
1463;11/9/20;819;TV811;3
1464;11/9/20;1528;RS703;3
1465;11/10/20;1536;TV809;1
1466;11/10/20;1333;DK209;3
1467;11/10/20;778;TV812;2
1468;11/10/20;637;RK606;2
1469;11/10/20;300;EB516;5
1470;11/11/20;9;EB514;3
1471;11/11/20;1946;DK202;1
1472;11/11/20;1758;TV803;2
1473;11/11/20;1894;EB521;5
1474;11/11/20;1630;DK202;3
1475;11/13/20;755;EB503;5
1476;11/13/20;1096;EB516;2
1477;11/13/20;74;RK602;5
1478;11/13/20;1178;BP104;5
1479;11/15/20;918;DS305;5
1480;11/15/20;1963;DK205;5
1481;11/15/20;699;RK603;5
1482;11/15/20;1714;DS306;3
1483;11/15/20;945;BP105;1
1484;11/15/20;212;EB505;3
1485;11/16/20;706;TV812;3
1486;11/16/20;827;RK603;5
1487;11/16/20;1056;RK603;1
1488;11/16/20;949;EB505;3
1489;11/16/20;1943;TV802;3
1490;11/17/20;495;RK604;3
1491;11/17/20;1366;EB518;5
1492;11/17/20;1654;EB520;2
1493;11/17/20;1734;RS707;2
1494;11/17/20;1754;TV808;4
1495;11/17/20;1003;RK602;4
1496;11/17/20;1196;RK604;5
1497;11/17/20;1468;EB505;2
1498;11/17/20;1797;RK603;6
1499;11/17/20;635;DS304;5
1500;11/17/20;1446;BP109;3
1501;11/18/20;1851;TV812;4
1502;11/18/20;1172;DK203;5
1503;11/18/20;1141;RS702;6
1504;11/19/20;102;TV813;3
1505;11/19/20;1326;RS705;1
1506;11/19/20;223;RS705;5
1507;11/19/20;486;TV802;4
1508;11/19/20;631;RS702;2
1509;11/19/20;1239;DK205;3
1510;11/19/20;885;BP104;4
1511;11/19/20;475;TV807;4
1512;11/20/20;1794;EB514;3
1513;11/20/20;156;EB516;4
1514;11/20/20;259;BP102;1
1515;11/20/20;946;BP110;3
1516;11/20/20;229;TV809;3
1517;11/21/20;1390;EB501;4
1518;11/21/20;2071;EB511;4
1519;11/21/20;80;EB519;5
1520;11/22/20;1769;TV808;5
1521;11/22/20;2109;RS707;5
1522;11/23/20;2057;DS305;6
1523;11/23/20;198;DK205;5
1524;11/23/20;1095;EB521;3
1525;11/23/20;2008;TV813;4
1526;11/23/20;566;RK605;5
1527;11/23/20;47;EB503;3
1528;11/23/20;1893;BP104;2
1529;11/23/20;862;RK607;2
1530;11/24/20;324;EB506;4
1531;11/24/20;368;RS702;2
1532;11/25/20;1837;TV804;5
1533;11/25/20;1803;EB505;3
1534;11/25/20;696;EB519;4
1535;11/26/20;1765;EB502;3
1536;11/26/20;1799;BP110;2
1537;11/26/20;1253;BP106;5
1538;11/26/20;217;DS304;3
1539;11/26/20;1608;TV802;6
1540;11/27/20;1957;RK605;4
1541;11/27/20;2036;DS301;2
1542;11/27/20;1091;RS702;2
1543;11/28/20;870;RS703;5
1544;11/28/20;521;TV801;5
1545;11/28/20;1614;DK209;4
1546;11/29/20;698;DS303;5
1547;11/30/20;711;DS307;6
1548;11/30/20;1400;TV805;2
1549;11/30/20;1205;RK604;2
1550;11/30/20;1918;RK605;4
1551;12/1/20;1059;DK208;2
1552;12/1/20;438;EB521;2
1553;12/1/20;2057;EB504;5
1554;12/2/20;2050;DK207;6
1555;12/2/20;787;RK607;1
1556;12/2/20;1093;TV808;5
1557;12/2/20;1332;BP105;5
1558;12/2/20;2119;EB516;3
1559;12/2/20;1168;EB516;4
1560;12/3/20;1242;RK606;3
1561;12/4/20;1451;DK201;3
1562;12/4/20;1025;DK206;5
1563;12/4/20;368;EB506;2
1564;12/4/20;1865;EB509;4
1565;12/4/20;559;DK209;5
1566;12/4/20;659;TV808;5
1567;12/5/20;558;EB514;5
1568;12/5/20;304;DK207;2
1569;12/5/20;198;EB503;4
1570;12/5/20;267;DS307;4
1571;12/5/20;787;BP110;5
1572;12/5/20;520;EB512;3
1573;12/5/20;1520;TV804;5
1574;12/5/20;2001;DK203;3
1575;12/5/20;982;TV812;4
1576;12/6/20;1089;DS307;2
1577;12/6/20;1490;EB517;2
1578;12/6/20;490;TV801;3
1579;12/6/20;677;TV802;4
1580;12/6/20;1854;TV804;3
1581;12/7/20;619;BP101;4
1582;12/7/20;1042;EB512;4
1583;12/7/20;187;EB516;3
1584;12/7/20;972;EB504;3
1585;12/8/20;967;RK607;2
1586;12/8/20;1064;TV809;3
1587;12/8/20;1490;BP105;3
1588;12/8/20;356;DK203;1
1589;12/8/20;1935;DS305;4
1590;12/9/20;812;TV805;5
1591;12/9/20;818;TV810;3
1592;12/9/20;845;EB505;3
1593;12/9/20;1944;TV804;3
1594;12/9/20;1840;EB508;2
1595;12/9/20;60;RS702;3
1596;12/9/20;929;RS706;2
1597;12/9/20;1006;EB507;5
1598;12/10/20;2026;EB519;3
1599;12/10/20;3;RS705;5
1600;12/10/20;219;RK607;5
1601;12/10/20;1682;DS304;2
1602;12/10/20;866;TV808;3
1603;12/11/20;849;TV801;2
1604;12/11/20;548;RS703;2
1605;12/11/20;205;EB516;2
1606;12/11/20;42;DS306;5
1607;12/11/20;1142;EB514;4
1608;12/12/20;1030;RS704;6
1609;12/12/20;1969;EB521;4
1610;12/12/20;188;BP106;6
1611;12/12/20;1598;RS707;4
1612;12/13/20;1099;DK208;3
1613;12/13/20;259;TV812;3
1614;12/13/20;643;DS307;3
1615;12/13/20;180;EB505;4
1616;12/13/20;1613;TV803;2
1617;12/13/20;375;EB519;4
1618;12/14/20;810;EB521;2
1619;12/14/20;1407;EB517;4
1620;12/14/20;1747;DK206;3
1621;12/14/20;1374;TV810;6
1622;12/15/20;1924;EB516;4
1623;12/16/20;1437;DS304;2
1624;12/16/20;1459;EB503;1
1625;12/16/20;460;BP104;3
1626;12/17/20;1978;DK209;3
1627;12/17/20;198;RK603;5
1628;12/17/20;1975;EB518;5
1629;12/18/20;113;BP108;4
1630;12/18/20;1857;DS307;3
1631;12/18/20;1428;EB517;3
1632;12/18/20;2051;DS306;5
1633;12/18/20;1139;RK603;5
1634;12/19/20;454;TV812;3
1635;12/20/20;1426;EB513;5
1636;12/20/20;954;RS706;5
1637;12/20/20;1692;RS705;4
1638;12/20/20;1019;BP110;3
1639;12/20/20;1903;RS705;5
1640;12/20/20;1717;RS707;2
1641;12/20/20;935;DK208;3
1642;12/21/20;1349;DS305;2
1643;12/21/20;901;RK606;2
1644;12/21/20;1747;TV809;2
1645;12/21/20;1812;EB517;4
1646;12/22/20;441;TV810;3
1647;12/22/20;1235;DS306;2
1648;12/22/20;648;BP105;5
1649;12/22/20;1948;RS702;6
1650;12/22/20;40;TV813;3
1651;12/22/20;1747;TV810;3
1652;12/22/20;225;RK603;3
1653;12/22/20;49;BP108;3
1654;12/22/20;793;BP106;3
1655;12/23/20;910;EB507;4
1656;12/23/20;165;RK605;3
1657;12/23/20;924;TV805;4
1658;12/23/20;423;EB501;5
1659;12/23/20;1043;EB503;3
1660;12/24/20;723;RK606;4
1661;12/24/20;1357;TV801;3
1662;12/24/20;549;RK603;3
1663;12/24/20;873;EB505;5
1664;12/24/20;1918;EB519;3
1665;12/24/20;1457;EB509;6
1666;12/25/20;1883;TV804;5
1667;12/25/20;1031;EB511;4
1668;12/25/20;1265;TV811;2
1669;12/25/20;217;TV808;3
1670;12/25/20;1228;TV801;6
1671;12/25/20;1273;TV809;6
1672;12/26/20;1677;DS305;3
1673;12/27/20;1256;TV809;4
1674;12/27/20;331;DS306;5
1675;12/28/20;265;DK201;2
1676;12/28/20;1399;TV806;5
1677;12/28/20;1113;EB517;5
1678;12/28/20;1575;DS306;3
1679;12/28/20;2086;BP102;6
1680;12/28/20;638;DK202;6
1681;12/29/20;2120;EB517;2
1682;12/29/20;746;TV813;5
1683;12/29/20;1044;BP110;1
1684;12/30/20;1719;TV803;1
1685;12/30/20;473;BP104;3
1686;12/30/20;628;EB521;3
1687;12/31/20;1155;RK606;4
1688;12/31/20;1433;DS307;3
1689;12/31/20;1103;EB517;3
1690;12/31/20;269;EB506;4
1691;12/31/20;1241;DS304;2
1692;12/31/20;377;EB509;4
1693;12/31/20;60;BP105;4
1694;1/1/21;1887;EB505;4
1695;1/1/21;398;EB512;5
1696;1/1/21;1395;DS302;2
1697;1/2/21;1715;EB509;2
1698;1/2/21;230;DS304;4
1699;1/2/21;1763;RK603;1
1700;1/2/21;2097;BP102;3
1701;1/3/21;1420;EB507;3
1702;1/3/21;504;RK605;4
1703;1/3/21;141;TV802;3
1704;1/3/21;113;RS706;3
1705;1/3/21;351;TV809;3
1706;1/3/21;1418;DK206;4
1707;1/4/21;1210;EB504;3
1708;1/4/21;892;EB501;1
1709;1/4/21;1808;DS306;2
1710;1/4/21;1696;EB502;5
1711;1/4/21;1387;DK208;2
1712;1/4/21;1625;DS307;2
1713;1/4/21;1246;DK205;4
1714;1/4/21;1566;TV806;5
1715;1/4/21;1509;EB511;5
1716;1/5/21;252;EB508;3
1717;1/5/21;1902;TV812;3
1718;1/5/21;1752;TV801;2
1719;1/5/21;1601;EB519;3
1720;1/6/21;2061;BP102;2
1721;1/6/21;24;EB508;4
1722;1/6/21;1910;DK206;2
1723;1/7/21;1175;TV804;2
1724;1/7/21;1638;EB508;3
1725;1/7/21;818;RK605;4
1726;1/8/21;719;DS305;3
1727;1/8/21;1559;DS304;5
1728;1/9/21;1219;DS304;4
1729;1/9/21;1676;EB513;1
1730;1/9/21;232;EB512;5
1731;1/9/21;1515;DS305;4
1732;1/10/21;1064;DS306;2
1733;1/11/21;1208;RS702;6
1734;1/11/21;820;EB509;4
1735;1/11/21;2021;RK602;3
1736;1/11/21;1518;EB513;4
1737;1/11/21;1315;EB508;3
1738;1/11/21;762;TV803;3
1739;1/11/21;2094;DS303;6
1740;1/12/21;1037;TV809;4
1741;1/12/21;1939;RS702;5
1742;1/12/21;263;TV806;4
1743;1/12/21;1796;RS707;3
1744;1/12/21;700;RK606;5
1745;1/13/21;594;BP107;5
1746;1/13/21;831;TV808;5
1747;1/13/21;411;BP102;3
1748;1/13/21;1534;BP106;3
1749;1/13/21;322;RK607;5
1750;1/13/21;1005;EB508;4
1751;1/13/21;291;EB506;3
1752;1/13/21;2081;BP110;5
1753;1/14/21;2108;EB513;6
1754;1/14/21;1606;EB501;4
1755;1/14/21;1564;BP101;2
1756;1/14/21;619;BP101;2
1757;1/14/21;2058;DS302;2
1758;1/15/21;923;BP101;1
1759;1/15/21;523;TV802;4
1760;1/15/21;1548;RK604;5
1761;1/15/21;2028;DK201;5
1762;1/15/21;1342;BP104;5
1763;1/16/21;1902;EB502;4
1764;1/16/21;1052;EB514;2
1765;1/16/21;139;TV804;1
1766;1/16/21;463;BP106;4
1767;1/16/21;2045;DK203;1
1768;1/16/21;521;RS707;1
1769;1/16/21;758;DK204;6
1770;1/17/21;1604;BP110;1
1771;1/17/21;865;TV801;5
1772;1/17/21;2104;EB506;6
1773;1/17/21;213;RK605;3
1774;1/17/21;1860;TV813;3
1775;1/17/21;1884;RS705;3
1776;1/18/21;2047;RS704;3
1777;1/18/21;16;DS301;2
1778;1/18/21;1407;TV813;2
1779;1/18/21;402;RK607;2
1780;1/18/21;1917;DS307;2
1781;1/19/21;234;DK202;4
1782;1/19/21;160;DS304;5
1783;1/19/21;1425;TV807;2
1784;1/19/21;1716;DK205;6
1785;1/20/21;1859;TV811;3
1786;1/21/21;708;TV807;1
1787;1/21/21;411;EB519;1
1788;1/21/21;35;TV802;6
1789;1/21/21;98;EB505;3
1790;1/22/21;1821;EB507;4
1791;1/22/21;401;TV806;3
1792;1/22/21;154;DK206;4
1793;1/22/21;1767;EB521;6
1794;1/22/21;320;EB512;3
1795;1/22/21;1672;EB501;5
1796;1/22/21;1809;RS705;2
1797;1/22/21;1489;DS302;4
1798;1/23/21;1339;RK604;4
1799;1/23/21;1512;RS707;4
1800;1/23/21;344;EB514;3
1801;1/23/21;42;EB503;4
1802;1/24/21;300;TV810;2
1803;1/24/21;1955;DK204;2
1804;1/24/21;312;DS305;4
1805;1/24/21;766;TV812;4
1806;1/24/21;502;DS301;2
1807;1/24/21;499;DS302;5
1808;1/24/21;346;RK605;4
1809;1/24/21;535;DK202;5
1810;1/24/21;607;EB513;4
1811;1/24/21;537;DK204;2
1812;1/24/21;656;EB501;5
1813;1/24/21;1760;BP108;2
1814;1/24/21;1054;TV803;2
1815;1/25/21;1360;EB518;1
1816;1/25/21;426;EB508;6
1817;1/25/21;950;DK208;2
1818;1/25/21;1258;DK205;2
1819;1/25/21;2029;BP109;3
1820;1/26/21;854;EB507;2
1821;1/26/21;291;TV812;3
1822;1/26/21;1349;TV808;3
1823;1/26/21;60;RK604;3
1824;1/26/21;1426;DK207;2
1825;1/27/21;1462;DK207;3
1826;1/27/21;1483;DK204;2
1827;1/27/21;1537;RS704;4
1828;1/27/21;1241;RS707;5
1829;1/28/21;1885;TV810;4
1830;1/28/21;1321;TV804;4
1831;1/29/21;1578;DS305;3
1832;1/29/21;1525;RK607;3
1833;1/29/21;827;BP109;2
1834;1/29/21;1697;DK209;6
1835;1/29/21;1791;DS302;4
1836;1/29/21;1135;EB501;2
1837;1/29/21;446;BP101;5
1838;1/29/21;576;EB501;6
1839;1/30/21;385;DK209;2
1840;1/30/21;1360;EB517;6
1841;1/30/21;504;DK202;4
1842;1/30/21;347;EB507;4
1843;1/30/21;1728;RK602;2
1844;1/31/21;284;TV808;6
1845;1/31/21;1585;EB503;4
1846;1/31/21;617;EB518;3
1847;1/31/21;579;EB504;4
1848;1/31/21;1873;TV804;4
1849;1/31/21;1791;TV805;5
1850;1/31/21;1215;EB504;1
1851;2/1/21;1349;RK602;3
1852;2/1/21;1747;DK202;3
1853;2/1/21;358;DK204;3
1854;2/1/21;86;BP106;4
1855;2/2/21;1590;EB506;3
1856;2/2/21;767;BP104;2
1857;2/2/21;1671;EB509;5
1858;2/2/21;1543;DK203;5
1859;2/3/21;1551;EB520;2
1860;2/3/21;613;EB503;4
1861;2/4/21;967;RK607;3
1862;2/4/21;683;RS705;4
1863;2/4/21;265;RS703;5
1864;2/5/21;1617;BP102;3
1865;2/5/21;1663;DS302;6
1866;2/5/21;387;DK208;5
1867;2/5/21;398;DS302;4
1868;2/6/21;601;EB506;2
1869;2/6/21;2024;DK208;3
1870;2/6/21;127;EB512;3
1871;2/6/21;170;EB501;2
1872;2/6/21;361;TV803;2
1873;2/6/21;1317;RS702;4
1874;2/7/21;1993;DK207;4
1875;2/7/21;782;EB517;3
1876;2/7/21;987;RK603;3
1877;2/7/21;66;EB521;2
1878;2/8/21;1740;RS707;5
1879;2/8/21;1180;EB512;5
1880;2/8/21;1907;EB519;3
1881;2/8/21;1698;DK203;1
1882;2/8/21;724;BP104;5
1883;2/8/21;556;DK206;3
1884;2/8/21;955;TV809;3
1885;2/8/21;706;EB511;3
1886;2/9/21;10;DK209;3
1887;2/9/21;908;DK203;2
1888;2/9/21;1376;EB504;5
1889;2/9/21;1894;TV803;3
1890;2/10/21;81;EB511;3
1891;2/10/21;1777;EB514;5
1892;2/10/21;1496;EB517;3
1893;2/10/21;710;RS707;2
1894;2/11/21;67;BP107;3
1895;2/11/21;1406;BP101;3
1896;2/11/21;1161;DK201;3
1897;2/11/21;620;EB511;2
1898;2/12/21;2079;BP110;5
1899;2/12/21;1243;TV810;5
1900;2/12/21;1616;EB509;2
1901;2/12/21;628;EB517;5
1902;2/12/21;1981;RS707;6
1903;2/12/21;1928;BP104;2
1904;2/13/21;1830;EB521;4
1905;2/13/21;1194;EB514;4
1906;2/13/21;852;EB502;3
1907;2/13/21;35;EB505;3
1908;2/13/21;818;BP107;6
1909;2/13/21;688;RK603;2
1910;2/13/21;1307;RK602;5
1911;2/13/21;737;BP102;5
1912;2/13/21;1247;DK203;3
1913;2/14/21;1735;BP110;3
1914;2/14/21;1489;EB502;2
1915;2/14/21;399;RK607;5
1916;2/14/21;892;DS304;4
1917;2/14/21;1303;DS302;2
1918;2/15/21;752;DK201;5
1919;2/15/21;379;TV808;4
1920;2/15/21;1277;EB504;3
1921;2/15/21;1987;DK208;3
1922;2/15/21;45;RS702;1
1923;2/15/21;1315;TV813;3
1924;2/15/21;1549;EB517;3
1925;2/16/21;971;DK204;4
1926;2/16/21;603;BP107;3
1927;2/16/21;571;TV811;2
1928;2/16/21;263;DS305;4
1929;2/16/21;1258;TV804;2
1930;2/16/21;1190;DK208;3
1931;2/16/21;1472;BP101;4
1932;2/16/21;211;EB507;4
1933;2/17/21;1596;RS704;3
1934;2/17/21;180;RS705;4
1935;2/18/21;185;EB509;4
1936;2/18/21;628;RK607;3
1937;2/18/21;2012;TV802;4
1938;2/18/21;1043;DS303;2
1939;2/19/21;1956;DS303;4
1940;2/19/21;262;RS705;3
1941;2/20/21;1379;RS705;4
1942;2/20/21;134;TV801;5
1943;2/20/21;1201;DK205;2
1944;2/21/21;1674;DK202;3
1945;2/21/21;936;TV812;2
1946;2/21/21;866;EB514;5
1947;2/21/21;978;TV802;3
1948;2/22/21;1552;EB503;3
1949;2/22/21;179;EB505;3
1950;2/22/21;1806;EB519;1
1951;2/22/21;588;EB521;4
1952;2/22/21;496;EB508;2
1953;2/22/21;221;RS702;3
1954;2/22/21;2062;DK203;2
1955;2/23/21;1630;RK604;4
1956;2/23/21;389;EB514;4
1957;2/23/21;200;TV805;5
1958;2/23/21;1188;DS302;1
1959;2/23/21;1777;BP107;4
1960;2/24/21;1269;RS704;3
1961;2/24/21;2033;BP104;4
1962;2/24/21;404;DS301;5
1963;2/24/21;1103;BP104;1
1964;2/24/21;1732;EB519;3
1965;2/25/21;1599;TV809;3
1966;2/25/21;935;BP108;4
1967;2/25/21;964;DS304;2
1968;2/25/21;938;TV804;2
1969;2/25/21;1034;BP107;5
1970;2/25/21;1800;BP108;5
1971;2/26/21;688;EB507;6
1972;2/26/21;567;EB518;3
1973;2/26/21;367;DS306;6
1974;2/26/21;2024;DS301;5
1975;2/26/21;293;EB501;5
1976;2/27/21;1324;TV807;1
1977;2/27/21;1627;RS704;2
1978;2/27/21;1181;RK607;2
1979;2/28/21;1906;TV809;3
1980;2/28/21;152;RK602;4
1981;2/28/21;184;DK205;4
1982;2/28/21;297;DS305;6
1983;3/1/21;2076;DK208;2
1984;3/1/21;307;TV804;3
1985;3/1/21;1682;DK208;3
1986;3/1/21;1386;DK207;5
1987;3/1/21;1699;DS303;2
1988;3/1/21;1952;DS302;2
1989;3/1/21;2041;RS703;4
1990;3/1/21;1966;DK204;4
1991;3/1/21;864;DS305;4
1992;3/2/21;1589;BP110;4
1993;3/2/21;2058;TV801;4
1994;3/2/21;273;RK606;3
1995;3/2/21;1886;TV805;2
1996;3/3/21;1496;RS707;2
1997;3/3/21;1378;RK606;2
1998;3/3/21;243;DK205;2
1999;3/4/21;1566;EB521;2
2000;3/4/21;615;EB506;4
2001;3/4/21;174;EB505;4
2002;3/4/21;1998;TV810;6
2003;3/4/21;7;EB514;3
2004;3/5/21;797;DK203;4
2005;3/5/21;1421;RS702;1
2006;3/5/21;394;TV807;3
2007;3/5/21;2033;RK604;5
2008;3/6/21;1759;TV802;4
2009;3/6/21;1314;TV803;2
2010;3/6/21;1163;EB506;3
2011;3/7/21;593;BP107;4
2012;3/7/21;2002;DK208;5
2013;3/7/21;1130;EB505;4
2014;3/7/21;1661;EB516;3
2015;3/7/21;1131;BP110;4
2016;3/7/21;67;BP104;5
2017;3/7/21;1761;DS301;2
2018;3/7/21;520;DS305;3
2019;3/7/21;291;DK206;6
2020;3/7/21;2083;BP102;3
2021;3/8/21;940;TV809;2
2022;3/9/21;1001;DS301;2
2023;3/9/21;1607;EB504;3
2024;3/9/21;1243;DK202;5
2025;3/9/21;1749;EB513;4
2026;3/10/21;1928;EB516;4
2027;3/10/21;71;RK604;2
2028;3/11/21;1724;TV806;5
2029;3/11/21;827;BP101;2
2030;3/11/21;309;EB505;3
2031;3/11/21;1907;RS706;1
2032;3/12/21;1118;TV807;2
2033;3/12/21;244;EB503;6
2034;3/12/21;949;EB508;3
2035;3/12/21;643;EB507;3
2036;3/12/21;505;BP102;3
2037;3/13/21;234;DS302;3
2038;3/13/21;1042;TV812;2
2039;3/13/21;998;TV802;3
2040;3/13/21;2103;EB520;3
2041;3/13/21;120;RS703;2
2042;3/14/21;421;TV810;3
2043;3/14/21;1648;TV802;4
2044;3/14/21;1589;TV813;4
2045;3/14/21;1300;EB519;4
2046;3/14/21;991;EB506;2
2047;3/14/21;1202;DK201;5
2048;3/14/21;1210;EB507;4
2049;3/15/21;191;DS306;4
2050;3/15/21;619;TV808;3
2051;3/16/21;1720;BP107;5
2052;3/16/21;269;DS304;2
2053;3/16/21;185;RS704;2
2054;3/16/21;1202;TV811;4
2055;3/16/21;1375;BP101;3
2056;3/16/21;1116;DK201;2
2057;3/17/21;711;DK204;3
2058;3/17/21;1591;RK606;4
2059;3/18/21;988;EB512;3
2060;3/18/21;763;TV812;1
2061;3/18/21;2038;BP104;2
2062;3/18/21;635;DS306;2
2063;3/19/21;1614;TV811;2
2064;3/19/21;1873;EB501;5
2065;3/19/21;328;TV812;2
2066;3/19/21;1397;EB504;3
2067;3/19/21;1751;EB501;4
2068;3/19/21;844;DS307;3
2069;3/20/21;2081;EB508;2
2070;3/20/21;1976;BP108;4
2071;3/20/21;999;EB511;4
2072;3/20/21;20;BP110;5
2073;3/21/21;1960;DK203;4
2074;3/22/21;1004;DK206;4
2075;3/22/21;1198;DS305;3
2076;3/22/21;1856;BP101;4
2077;3/22/21;1411;RK602;2
2078;3/22/21;1304;DS306;4
2079;3/23/21;813;DS307;4
2080;3/24/21;1190;RS705;3
2081;3/24/21;1040;TV801;3
2082;3/24/21;213;DK206;2
2083;3/24/21;1657;DK207;4
2084;3/24/21;271;RS707;4
2085;3/24/21;857;TV807;4
2086;3/24/21;1759;DK203;3
2087;3/25/21;1168;BP109;2
2088;3/25/21;836;EB516;3
2089;3/25/21;1128;DS303;5
2090;3/25/21;1022;BP109;3
2091;3/25/21;2079;EB511;5
2092;3/25/21;1904;DK203;3
2093;3/25/21;1172;EB521;3
2094;3/26/21;70;DK206;5
2095;3/26/21;2116;EB514;3
2096;3/26/21;1975;EB502;1
2097;3/26/21;2096;EB504;4
2098;3/27/21;1498;DK201;2
2099;3/27/21;368;EB502;3
2100;3/28/21;955;EB512;5
2101;3/28/21;832;DK208;5
2102;3/28/21;1006;DK203;4
2103;3/28/21;1589;EB513;3
2104;3/29/21;1333;DS303;2
2105;3/29/21;1653;DS307;2
2106;3/29/21;64;TV812;1
2107;3/29/21;1010;EB520;3
2108;3/29/21;1242;DS301;6
2109;3/29/21;1195;TV801;1
2110;3/29/21;2098;RK605;2
2111;3/29/21;705;DK206;2
2112;3/29/21;440;BP108;2
2113;3/30/21;795;DS305;3
2114;3/30/21;488;DK202;3
2115;3/30/21;344;EB503;3
2116;3/30/21;1297;RS705;4
2117;3/31/21;1923;EB507;3
2118;3/31/21;946;EB505;5
2119;3/31/21;1164;EB514;4
2120;4/1/21;698;BP110;5
2121;4/1/21;1085;DK204;6
2122;4/1/21;980;TV813;1
2123;4/1/21;1587;RS707;5
2124;4/1/21;1414;DK203;3
2125;4/2/21;643;RK605;5
2126;4/2/21;292;DS306;5
2127;4/2/21;579;DS305;5
2128;4/2/21;1508;TV802;2
2129;4/2/21;126;EB512;5
2130;4/2/21;624;EB503;4
2131;4/2/21;319;BP107;5
2132;4/2/21;1259;RS704;5
2133;4/2/21;591;EB505;3
2134;4/2/21;1758;EB503;5
2135;4/2/21;1699;EB519;3
2136;4/3/21;882;BP105;5
2137;4/3/21;2110;DS305;1
2138;4/3/21;731;BP110;3
2139;4/3/21;1142;TV811;4
2140;4/3/21;1039;EB502;2
2141;4/4/21;2056;TV806;3
2142;4/4/21;1378;EB507;2
2143;4/5/21;993;RK605;1
2144;4/5/21;296;TV810;3
2145;4/6/21;1016;BP107;1
2146;4/7/21;1829;TV806;3
2147;4/7/21;424;DK201;4
2148;4/8/21;1859;RK607;5
2149;4/8/21;1821;RK606;2
2150;4/8/21;1046;BP110;4
2151;4/8/21;172;DK204;3
2152;4/8/21;928;TV806;3
2153;4/8/21;1750;BP110;6
2154;4/9/21;1190;RK604;2
2155;4/9/21;1843;EB509;5
2156;4/9/21;1444;EB507;2
2157;4/9/21;1040;EB507;3
2158;4/9/21;681;RK603;4
2159;4/9/21;561;TV809;4
2160;4/9/21;1162;EB518;5
2161;4/10/21;509;TV810;4
2162;4/10/21;405;BP110;5
2163;4/10/21;1879;TV808;3
2164;4/10/21;1638;EB506;2
2165;4/10/21;1704;RS706;4
2166;4/11/21;963;DK205;6
2167;4/11/21;87;BP101;6
2168;4/11/21;1971;DS303;5
2169;4/11/21;1430;DK209;2
2170;4/12/21;1587;EB514;2
2171;4/12/21;1804;EB504;3
2172;4/12/21;1620;TV802;3
2173;4/12/21;842;BP108;2
2174;4/12/21;606;EB518;6
2175;4/12/21;486;DS302;3
2176;4/13/21;754;DK208;5
2177;4/13/21;98;BP102;3
2178;4/14/21;28;DS305;2
2179;4/14/21;1220;DS304;5
2180;4/14/21;1532;EB505;5
2181;4/14/21;940;EB501;2
2182;4/14/21;1708;RK602;3
2183;4/15/21;76;DK206;3
2184;4/15/21;1441;BP102;1
2185;4/15/21;336;DK208;4
2186;4/15/21;13;EB501;6
2187;4/15/21;1383;DS301;3
2188;4/15/21;481;BP110;1
2189;4/15/21;1233;BP108;5
2190;4/16/21;465;TV812;5
2191;4/16/21;892;RS705;4
2192;4/16/21;1500;RS705;4
2193;4/16/21;2087;RK603;2
2194;4/16/21;1226;RK605;2
2195;4/17/21;683;DK208;3
2196;4/17/21;1243;DS306;4
2197;4/17/21;1098;TV812;3
2198;4/18/21;360;EB514;5
2199;4/18/21;1577;DS305;4
2200;4/18/21;2048;EB519;6
2201;4/18/21;1568;EB506;5
2202;4/18/21;1441;BP109;3
2203;4/19/21;1392;DK208;3
2204;4/19/21;259;DS303;4
2205;4/19/21;1171;TV813;4
2206;4/19/21;452;EB521;2
2207;4/19/21;471;TV807;5
2208;4/19/21;1258;BP101;3
2209;4/19/21;1682;TV812;5
2210;4/20/21;990;TV803;3
2211;4/20/21;79;RS703;4
2212;4/20/21;610;DK207;4
2213;4/20/21;1947;EB504;4
2214;4/21/21;974;BP109;5
2215;4/21/21;859;DK203;2
2216;4/22/21;1550;RK607;5
2217;4/22/21;1587;DS302;3
2218;4/22/21;883;BP108;2
2219;4/22/21;679;DS302;4
2220;4/22/21;1823;EB514;6
2221;4/22/21;866;TV803;3
2222;4/22/21;511;BP107;2
2223;4/23/21;1578;DK208;1
2224;4/23/21;2089;RK605;4
2225;4/23/21;1533;EB503;3
2226;4/23/21;412;DK206;4
2227;4/23/21;297;BP110;5
2228;4/23/21;1057;EB512;3
2229;4/23/21;1328;EB502;4
2230;4/24/21;1573;TV809;4
2231;4/24/21;871;DS301;5
2232;4/24/21;206;TV801;5
2233;4/24/21;1059;TV802;2
2234;4/24/21;956;TV808;4
2235;4/24/21;32;TV807;4
2236;4/24/21;691;EB502;2
2237;4/25/21;1191;BP107;4
2238;4/25/21;329;BP107;3
2239;4/25/21;1226;TV810;3
2240;4/25/21;1970;EB514;5
2241;4/26/21;853;EB516;1
2242;4/26/21;198;EB503;3
2243;4/26/21;1188;RK606;4
2244;4/27/21;1485;EB506;2
2245;4/27/21;1628;BP102;4
2246;4/27/21;1016;DS304;5
2247;4/28/21;591;DK207;1
2248;4/28/21;1947;TV812;4
2249;4/28/21;1647;RS706;5
2250;4/28/21;451;RS707;4
2251;4/29/21;1571;RS703;3
2252;4/29/21;1200;EB513;2
2253;4/30/21;825;EB505;3
2254;4/30/21;549;DK204;2
2255;4/30/21;1016;EB516;3
2256;4/30/21;938;DS301;2
2257;4/30/21;2113;RK607;6
2258;5/1/21;1809;TV813;3
2259;5/1/21;1011;EB520;1
2260;5/1/21;882;EB506;6
2261;5/1/21;1752;TV806;4
2262;5/1/21;1536;BP108;5
2263;5/1/21;668;EB508;4
2264;5/1/21;136;EB521;5
2265;5/1/21;1941;TV811;4
2266;5/2/21;72;TV812;2
2267;5/2/21;334;RK605;5
2268;5/2/21;1961;TV803;4
2269;5/2/21;764;EB514;4
2270;5/2/21;1471;RS704;3
2271;5/2/21;1712;DS301;3
2272;5/3/21;1698;EB512;4
2273;5/3/21;1417;RS702;4
2274;5/3/21;119;RS706;4
2275;5/3/21;1124;EB514;3
2276;5/3/21;46;RK605;5
2277;5/4/21;848;TV813;4
2278;5/4/21;339;DK206;3
2279;5/4/21;109;DS305;4
2280;5/4/21;1045;BP104;3
2281;5/4/21;1565;TV801;5
2282;5/4/21;1940;DS307;3
2283;5/4/21;545;TV801;3
2284;5/4/21;837;RK604;2
2285;5/5/21;1023;TV812;5
2286;5/5/21;832;EB516;5
2287;5/5/21;2021;EB507;5
2288;5/6/21;1479;DK209;5
2289;5/6/21;1990;EB512;1
2290;5/6/21;993;EB521;4
2291;5/6/21;931;DK202;3
2292;5/6/21;1587;EB516;3
2293;5/6/21;875;EB516;1
2294;5/7/21;1054;BP101;3
2295;5/7/21;1692;BP107;3
2296;5/7/21;1315;RK604;1
2297;5/7/21;344;TV804;5
2298;5/8/21;1061;EB504;5
2299;5/8/21;1275;BP104;3
2300;5/8/21;1658;EB514;4
2301;5/9/21;1389;EB502;4
2302;5/9/21;49;DK207;2
2303;5/10/21;2012;TV809;3
2304;5/10/21;399;DK206;3
2305;5/10/21;273;EB508;1
2306;5/10/21;1032;BP109;2
2307;5/10/21;1897;EB502;2
2308;5/10/21;2065;RS703;4
2309;5/10/21;138;EB519;3
2310;5/10/21;2072;TV806;4
2311;5/10/21;1929;BP109;3
2312;5/11/21;1066;TV806;4
2313;5/11/21;1357;RK604;4
2314;5/11/21;910;EB503;6
2315;5/11/21;1141;RK607;4
2316;5/12/21;747;DK204;5
2317;5/12/21;461;BP102;4
2318;5/13/21;941;TV810;6
2319;5/13/21;1306;DS302;3
2320;5/13/21;634;DK203;2
2321;5/13/21;829;EB520;3
2322;5/13/21;1501;EB514;4
2323;5/13/21;571;EB516;1
2324;5/14/21;1778;EB508;4
2325;5/14/21;420;TV801;2
2326;5/14/21;449;TV812;4
2327;5/14/21;1304;DS301;5
2328;5/14/21;74;BP101;6
2329;5/14/21;1633;RK606;5
2330;5/14/21;382;BP107;4
2331;5/15/21;1902;EB507;4
2332;5/15/21;1472;TV811;4
2333;5/15/21;1087;RS705;3
2334;5/15/21;1628;TV807;3
2335;5/15/21;1063;EB513;1
2336;5/16/21;221;RK604;5
2337;5/16/21;1363;EB504;4
2338;5/16/21;1239;RS702;2
2339;5/16/21;1515;RS706;2
2340;5/16/21;1044;TV802;5
2341;5/16/21;1262;TV805;6
2342;5/17/21;731;EB504;3
2343;5/17/21;2;TV811;5
2344;5/17/21;14;DS304;3
2345;5/17/21;1632;TV804;3
2346;5/17/21;1059;RS704;2
2347;5/17/21;497;EB521;5
2348;5/17/21;809;EB509;4
2349;5/18/21;688;DK204;2
2350;5/18/21;1107;DK204;2
2351;5/18/21;2060;DS307;4
2352;5/19/21;55;EB511;3
2353;5/19/21;722;EB503;3
2354;5/19/21;819;BP101;5
2355;5/19/21;1225;EB513;3
2356;5/19/21;2104;RS706;4
2357;5/19/21;956;RS706;4
2358;5/20/21;2120;DS303;4
2359;5/20/21;349;BP110;3
2360;5/20/21;348;RK603;4
2361;5/21/21;524;BP108;2
2362;5/21/21;611;EB507;4
2363;5/21/21;1870;EB502;1
2364;5/22/21;1062;EB503;5
2365;5/22/21;1975;DS302;2
2366;5/22/21;1720;DS306;2
2367;5/22/21;90;DS303;2
2368;5/23/21;1749;RK602;4
2369;5/23/21;2066;EB513;4
2370;5/23/21;445;RK605;2
2371;5/23/21;794;DK209;5
2372;5/23/21;785;RK602;3
2373;5/23/21;1921;EB512;4
2374;5/24/21;608;EB517;5
2375;5/24/21;961;DK201;3
2376;5/25/21;430;DK203;3
2377;5/25/21;1515;EB520;2
2378;5/25/21;1759;DS303;2
2379;5/26/21;846;BP101;4
2380;5/26/21;759;BP110;3
2381;5/26/21;1681;RK602;5
2382;5/27/21;392;DK209;4
2383;5/27/21;1207;EB518;3
2384;5/27/21;101;TV812;4
2385;5/28/21;1043;DK203;4
2386;5/28/21;1818;RS705;5
2387;5/29/21;1113;RK607;2
2388;5/29/21;2081;TV808;6
2389;5/30/21;1242;DK201;6
2390;5/30/21;1691;TV801;3
2391;5/30/21;277;RK602;4
2392;5/30/21;641;EB513;4
2393;5/31/21;819;TV809;3
2394;5/31/21;2077;EB507;5
2395;5/31/21;1690;EB518;5
2396;6/1/21;1046;BP110;6
2397;6/1/21;1836;DS303;1
2398;6/1/21;770;EB520;1
2399;6/1/21;646;BP104;3
2400;6/1/21;87;TV805;3
2401;6/2/21;729;RS702;3
2402;6/2/21;1588;DS305;1
2403;6/2/21;1270;EB518;2
2404;6/2/21;904;DK205;4
2405;6/3/21;390;EB509;3
2406;6/3/21;1930;DK202;5
2407;6/3/21;112;TV808;1
2408;6/3/21;1623;RK603;5
2409;6/3/21;356;BP110;5
2410;6/3/21;782;EB511;3
2411;6/4/21;267;TV804;3
2412;6/4/21;1565;DS302;2
2413;6/4/21;1462;TV813;5
2414;6/4/21;1572;EB516;4
2415;6/4/21;274;TV810;3
2416;6/4/21;1119;DS304;5
2417;6/5/21;145;EB508;1
2418;6/5/21;1806;BP105;3
2419;6/5/21;69;EB512;3
2420;6/5/21;1677;RK604;3
2421;6/5/21;567;RK605;5
2422;6/5/21;256;TV810;4
2423;6/5/21;1958;RK605;3
2424;6/6/21;1934;DK205;3
2425;6/6/21;1101;DS304;6
2426;6/6/21;1445;DK203;6
2427;6/6/21;202;DS304;5
2428;6/6/21;720;EB514;1
2429;6/7/21;614;DK206;3
2430;6/8/21;469;RS702;4
2431;6/8/21;677;BP102;2
2432;6/8/21;1886;EB502;4
2433;6/8/21;1610;EB508;6
2434;6/8/21;959;EB503;3
2435;6/8/21;127;BP110;4
2436;6/9/21;1103;RK602;3
2437;6/9/21;338;EB505;2
2438;6/9/21;1227;EB519;4
2439;6/9/21;2001;EB508;2
2440;6/9/21;1462;RK606;2
2441;6/10/21;155;TV805;2
2442;6/10/21;807;DK204;5
2443;6/10/21;1954;BP110;4
2444;6/11/21;1012;RS706;5
2445;6/11/21;2087;EB520;5
2446;6/11/21;338;EB520;3
2447;6/11/21;907;DS306;5
2448;6/11/21;626;DK209;3
2449;6/11/21;202;RS704;3
2450;6/11/21;16;RS707;3
2451;6/12/21;2068;RK602;3
2452;6/12/21;645;DS303;5
2453;6/12/21;534;BP109;5
2454;6/12/21;1111;EB513;4
2455;6/12/21;48;TV804;3
2456;6/12/21;1249;EB507;3
2457;6/12/21;1778;BP102;3
2458;6/13/21;1776;DS307;1
2459;6/13/21;1704;DK208;2
2460;6/13/21;661;RS705;5
2461;6/13/21;909;EB514;5
2462;6/13/21;1524;RS703;5
2463;6/13/21;583;TV805;4
2464;6/13/21;575;RK606;5
2465;6/14/21;432;EB504;2
2466;6/14/21;501;EB502;4
2467;6/14/21;1957;DS302;3
2468;6/14/21;1637;BP108;3
2469;6/14/21;1319;EB517;3
2470;6/14/21;1902;RS703;3
2471;6/15/21;1349;EB502;3
2472;6/15/21;807;EB503;2
2473;6/15/21;820;TV813;2
2474;6/15/21;1032;EB517;3
2475;6/15/21;2111;BP107;5
2476;6/15/21;370;DS305;3
2477;6/15/21;1921;BP105;3
2478;6/15/21;1890;EB518;6
2479;6/16/21;717;DS306;5
2480;6/16/21;398;RS703;6
2481;6/16/21;977;EB507;4
2482;6/17/21;1010;BP107;3
2483;6/17/21;669;EB514;3
2484;6/17/21;1432;TV805;3
2485;6/17/21;1707;BP109;4
2486;6/17/21;766;EB508;5
2487;6/17/21;1117;TV808;4
2488;6/17/21;1430;BP106;4
2489;6/17/21;1201;RK603;4
2490;6/17/21;2021;DK205;2
2491;6/17/21;1822;TV810;4
2492;6/18/21;2003;TV810;5
2493;6/18/21;914;RS705;6
2494;6/18/21;685;RS702;2
2495;6/18/21;1324;EB507;1
2496;6/18/21;198;EB503;4
2497;6/19/21;611;DK205;4
2498;6/19/21;1131;BP104;2
2499;6/19/21;1541;TV803;6
2500;6/19/21;1481;RK604;5
2501;6/19/21;1013;DK202;2
2502;6/20/21;1382;TV806;4
2503;6/20/21;1676;TV806;1
2504;6/20/21;1042;TV809;3
2505;6/21/21;1138;BP110;5
2506;6/21/21;1484;TV802;4
2507;6/21/21;1756;DS301;2
2508;6/21/21;909;BP110;2
2509;6/21/21;474;RS705;5
2510;6/21/21;1092;DK206;5
2511;6/21/21;1337;BP109;3
2512;6/21/21;1547;RK602;5
2513;6/21/21;309;RS704;2
2514;6/21/21;1552;DS305;6
2515;6/21/21;1109;TV804;2
2516;6/22/21;2119;BP107;4
2517;6/22/21;522;RS707;5
2518;6/22/21;973;BP102;1
2519;6/22/21;599;EB513;4
2520;6/22/21;793;DK203;2
2521;6/22/21;904;EB503;4
2522;6/22/21;125;RK602;1
2523;6/23/21;1197;EB505;4
2524;6/23/21;22;BP104;3
2525;6/23/21;152;EB503;5
2526;6/23/21;466;DK208;3
2527;6/24/21;783;DK208;6
2528;6/24/21;1731;DS307;3
2529;6/24/21;1554;EB502;3
2530;6/24/21;1310;TV809;3
2531;6/24/21;867;BP107;2
2532;6/24/21;28;DS306;3
2533;6/25/21;985;RS702;1
2534;6/25/21;1050;EB513;5
2535;6/25/21;228;RS706;2
2536;6/26/21;1177;EB503;6
2537;6/26/21;1101;EB506;5
2538;6/26/21;1494;RK607;2
2539;6/26/21;931;EB505;3
2540;6/27/21;859;DS305;6
2541;6/27/21;1851;DK209;4
2542;6/27/21;1351;DS302;1
2543;6/27/21;654;EB521;3
2544;6/28/21;277;DK202;3
2545;6/28/21;625;DS303;5
2546;6/28/21;772;EB512;4
2547;6/28/21;614;TV805;4
2548;6/29/21;449;TV804;3
2549;6/29/21;88;BP102;1
2550;6/29/21;1500;DK201;5
2551;6/29/21;33;BP105;4
2552;6/29/21;1743;EB508;3
2553;6/29/21;341;EB502;5
2554;6/29/21;261;BP105;2
2555;6/30/21;1951;TV806;1
2556;6/30/21;887;EB516;4
2557;6/30/21;740;DK209;2
2558;6/30/21;1958;DK201;3
2559;6/30/21;2097;EB518;3
2560;6/30/21;849;RS706;2
2561;6/30/21;1774;EB521;5
2562;6/30/21;1244;DS303;6
2563;7/1/21;2043;BP107;3
2564;7/1/21;1200;RK605;2
2565;7/1/21;645;EB511;3
2566;7/1/21;894;TV802;2
2567;7/1/21;983;EB511;2
2568;7/1/21;40;EB501;1
2569;7/1/21;1915;RK605;2
2570;7/1/21;490;EB521;4
2571;7/1/21;634;TV812;5
2572;7/2/21;222;TV813;2
2573;7/2/21;378;EB505;5
2574;7/2/21;404;TV808;2
2575;7/3/21;1981;TV808;4
2576;7/3/21;624;BP105;4
2577;7/3/21;1024;TV805;4
2578;7/3/21;106;BP109;3
2579;7/3/21;904;TV803;2
2580;7/3/21;1337;DS303;3
2581;7/4/21;1804;EB503;3
2582;7/5/21;1706;RK605;2
2583;7/5/21;506;DS303;5
2584;7/6/21;474;BP109;2
2585;7/6/21;282;RK602;3
2586;7/6/21;78;EB503;4
2587;7/6/21;421;DS303;3
2588;7/6/21;987;DK209;4
2589;7/7/21;434;EB519;4
2590;7/7/21;1953;TV801;6
2591;7/7/21;1930;RK604;2
2592;7/7/21;94;EB518;5
2593;7/7/21;1834;BP105;3
2594;7/8/21;119;BP109;5
2595;7/8/21;732;DS302;4
2596;7/8/21;263;DK202;4
2597;7/8/21;364;BP106;2
2598;7/8/21;1013;EB508;2
2599;7/8/21;398;TV802;4
2600;7/9/21;150;BP109;2
2601;7/9/21;127;DS305;6
2602;7/9/21;883;EB507;2
2603;7/9/21;1392;RK605;5
2604;7/9/21;733;TV811;6
2605;7/9/21;1842;BP109;5
2606;7/10/21;1244;EB512;5
2607;7/10/21;617;BP110;1
2608;7/10/21;1412;EB502;5
2609;7/10/21;1864;TV809;3
2610;7/10/21;1146;EB508;5
2611;7/10/21;584;DK209;4
2612;7/10/21;405;RK606;6
2613;7/11/21;1878;RS707;4
2614;7/11/21;737;RS707;2
2615;7/11/21;1876;RK607;3
2616;7/11/21;1762;TV804;2
2617;7/11/21;1531;TV808;3
2618;7/11/21;392;TV805;5
2619;7/12/21;688;BP108;4
2620;7/12/21;1425;EB509;5
2621;7/12/21;1380;DS307;4
2622;7/12/21;322;BP104;3
2623;7/12/21;494;DS305;3
2624;7/12/21;657;EB520;5
2625;7/12/21;855;DK203;3
2626;7/13/21;2066;BP102;2
2627;7/13/21;196;EB506;1
2628;7/14/21;557;TV802;4
2629;7/14/21;1796;RS702;2
2630;7/14/21;614;BP102;4
2631;7/15/21;1644;DS305;3
2632;7/15/21;711;DK201;4
2633;7/15/21;222;TV809;1
2634;7/15/21;1940;EB514;3
2635;7/16/21;423;EB504;4
2636;7/16/21;144;RS707;2
2637;7/16/21;1974;DK201;2
2638;7/16/21;1433;DS306;3
2639;7/17/21;116;DK203;3
2640;7/17/21;329;DK206;1
2641;7/17/21;2024;EB513;2
2642;7/17/21;833;EB513;3
2643;7/17/21;1849;DK207;4
2644;7/17/21;544;EB519;4
2645;7/17/21;302;DK207;1
2646;7/18/21;42;BP101;3
2647;7/18/21;1693;DS301;3
2648;7/18/21;755;BP106;4
2649;7/18/21;1698;EB505;4
2650;7/18/21;955;DS305;5
2651;7/18/21;1790;BP105;3
2652;7/19/21;301;TV811;4
2653;7/19/21;2073;EB501;4
2654;7/19/21;316;TV805;3
2655;7/19/21;941;TV809;3
2656;7/19/21;1956;RS703;6
2657;7/19/21;121;EB502;5
2658;7/20/21;761;TV813;4
2659;7/20/21;501;BP108;3
2660;7/20/21;2038;TV803;5
2661;7/20/21;16;DK208;4
2662;7/21/21;620;RK602;5
2663;7/21/21;496;EB506;2
2664;7/22/21;100;EB521;4
2665;7/22/21;140;EB503;1
2666;7/22/21;126;EB511;3
2667;7/22/21;265;TV806;3
2668;7/23/21;1069;TV802;5
2669;7/23/21;366;RK605;2
2670;7/24/21;1942;EB520;5
2671;7/24/21;1781;EB521;2
2672;7/24/21;1524;RK602;4
2673;7/25/21;1497;TV811;4
2674;7/25/21;1296;EB503;3
2675;7/25/21;1731;TV811;4
2676;7/25/21;1;TV803;2
2677;7/25/21;2048;DS303;3
2678;7/25/21;777;DS302;2
2679;7/26/21;364;TV803;4
2680;7/27/21;223;TV811;3
2681;7/27/21;1851;RK602;3
2682;7/27/21;379;EB504;4
2683;7/27/21;2108;BP109;6
2684;7/27/21;968;TV810;3
2685;7/27/21;1178;TV812;2
2686;7/27/21;1594;EB512;4
2687;7/28/21;1311;TV807;2
2688;7/28/21;518;BP102;2
2689;7/28/21;1863;BP104;2
2690;7/28/21;854;RK605;2
2691;7/29/21;2119;BP109;4
2692;7/30/21;1729;BP106;4
2693;7/30/21;396;EB521;3
2694;7/30/21;213;DK204;3
2695;7/30/21;1658;BP106;3
2696;7/30/21;1194;TV813;2
2697;7/31/21;1203;RS707;5
2698;7/31/21;880;TV810;2
2699;7/31/21;1744;RS702;4
2700;7/31/21;692;TV808;2
2701;8/1/21;1213;TV809;3
2702;8/1/21;544;DS306;2
2703;8/1/21;1322;EB502;2
2704;8/1/21;245;TV802;4
2705;8/1/21;1148;RS706;6
2706;8/2/21;1305;BP106;5
2707;8/2/21;906;BP109;4
2708;8/2/21;660;BP109;4
2709;8/3/21;626;EB503;3
2710;8/3/21;17;TV807;3
2711;8/3/21;2051;RS704;5
2712;8/3/21;1753;EB511;5
2713;8/3/21;1841;RS703;3
2714;8/3/21;1721;RS705;3
2715;8/4/21;1706;EB518;4
2716;8/4/21;1088;EB508;2
2717;8/4/21;2034;DS303;5
2718;8/4/21;796;BP109;3
2719;8/5/21;432;EB509;3
2720;8/5/21;1906;BP105;2
2721;8/5/21;1219;DS301;1
2722;8/5/21;1733;TV804;3
2723;8/5/21;1351;RK607;4
2724;8/5/21;1942;DK209;4
2725;8/5/21;1811;BP105;3
2726;8/5/21;2105;DK208;4
2727;8/5/21;863;EB517;5
2728;8/6/21;378;TV812;3
2729;8/6/21;1549;RS706;5
2730;8/6/21;1032;RK603;2
2731;8/6/21;1337;TV805;3
2732;8/6/21;1581;EB507;1
2733;8/7/21;494;EB514;4
2734;8/7/21;1654;BP109;3
2735;8/7/21;476;DK204;2
2736;8/7/21;320;TV803;4
2737;8/7/21;1532;RK606;3
2738;8/8/21;1102;DS301;5
2739;8/8/21;327;DK208;1
2740;8/8/21;1028;TV813;3
2741;8/8/21;1760;BP106;4
2742;8/9/21;581;RK603;4
2743;8/9/21;2068;TV802;1
2744;8/10/21;737;RS703;3
2745;8/11/21;725;TV810;5
2746;8/11/21;889;TV811;5
2747;8/11/21;286;TV807;4
2748;8/11/21;320;TV813;5
2749;8/11/21;982;TV810;4
2750;8/11/21;442;EB504;5
2751;8/11/21;502;DK202;4
2752;8/11/21;2055;BP105;3
2753;8/12/21;459;EB501;4
2754;8/12/21;1968;EB513;5
2755;8/12/21;1461;TV802;5
2756;8/13/21;175;TV804;3
2757;8/13/21;100;EB516;4
2758;8/13/21;1513;DK203;4
2759;8/13/21;1812;EB503;5
2760;8/14/21;552;DS306;4
2761;8/14/21;2025;DK209;5
2762;8/14/21;1592;EB509;4
2763;8/14/21;1746;EB504;2
2764;8/15/21;281;TV806;4
2765;8/15/21;1581;EB501;3
2766;8/15/21;1381;TV810;6
2767;8/16/21;400;EB504;2
2768;8/16/21;1399;EB520;2
2769;8/16/21;881;TV802;5
2770;8/16/21;225;TV812;3
2771;8/17/21;1890;EB514;2
2772;8/17/21;1395;EB502;3
2773;8/18/21;1755;EB505;5
2774;8/18/21;1177;RS702;5
2775;8/18/21;551;TV812;3
2776;8/18/21;1179;EB502;1
2777;8/18/21;90;TV805;5
2778;8/18/21;1597;RS704;3
2779;8/19/21;1687;TV802;3
2780;8/19/21;88;EB501;5
2781;8/20/21;180;TV809;3
2782;8/20/21;1202;RS702;4
2783;8/20/21;444;TV808;2
2784;8/20/21;2116;TV806;4
2785;8/21/21;1813;TV801;5
2786;8/21/21;1656;DK202;6
2787;8/21/21;1977;EB520;1
2788;8/21/21;1438;BP109;3
2789;8/22/21;373;RK603;4
2790;8/22/21;62;EB511;2
2791;8/22/21;1268;BP108;2
2792;8/22/21;1526;RS704;4
2793;8/22/21;1957;EB502;1
2794;8/22/21;1016;RS703;4
2795;8/23/21;142;EB506;5
2796;8/23/21;728;DS301;2
2797;8/23/21;1047;RS706;4
2798;8/23/21;235;TV810;3
2799;8/24/21;1997;BP108;5
2800;8/24/21;971;EB509;4
2801;8/24/21;1136;BP108;4
2802;8/24/21;1246;DK206;6
2803;8/25/21;403;EB509;3
2804;8/25/21;1246;EB506;4
2805;8/26/21;1935;TV803;2
2806;8/26/21;1413;RS703;6
2807;8/26/21;1369;TV811;4
2808;8/26/21;1440;EB507;2
2809;8/26/21;1848;RK606;2
2810;8/26/21;1867;EB511;2
2811;8/27/21;2009;RK603;4
2812;8/27/21;755;DS303;4
2813;8/28/21;1865;DK204;2
2814;8/28/21;1308;TV809;3
2815;8/28/21;1831;TV812;1
2816;8/28/21;1298;BP106;4
2817;8/28/21;1838;DS306;2
2818;8/28/21;2064;BP101;3
2819;8/28/21;20;BP110;6
2820;8/28/21;1370;RK606;3
2821;8/28/21;2092;EB512;6
2822;8/29/21;633;DS303;4
2823;8/29/21;850;EB507;5
2824;8/29/21;511;TV804;5
2825;8/29/21;1331;EB508;2
2826;8/29/21;1676;EB508;4
2827;8/29/21;1856;DS303;2
2828;8/30/21;518;EB501;3
2829;8/30/21;1897;RS702;5
2830;8/30/21;246;EB521;3
2831;8/30/21;1368;EB504;2
2832;8/31/21;1324;RK606;3
2833;8/31/21;172;EB513;3
2834;8/31/21;455;EB507;2
2835;8/31/21;323;EB509;4
2836;8/31/21;1728;DK201;2
2837;8/31/21;1366;RK605;2
2838;8/31/21;1270;BP104;5
2839;8/31/21;429;TV813;3
2840;9/1/21;1819;RS702;4
2841;9/1/21;1489;BP102;3
2842;9/1/21;286;BP107;4
2843;9/1/21;570;TV806;5
2844;9/1/21;230;DS307;2
2845;9/2/21;137;EB521;2
2846;9/2/21;627;DK204;3
2847;9/2/21;1534;TV808;1
2848;9/3/21;314;DK204;3
2849;9/3/21;700;BP110;5
2850;9/3/21;785;TV803;5
2851;9/3/21;140;RK604;6
2852;9/3/21;652;RK606;3
2853;9/3/21;1934;DS307;4
2854;9/4/21;1670;TV806;5
2855;9/4/21;1386;EB501;6
2856;9/4/21;1291;BP110;2
2857;9/4/21;1088;TV802;3
2858;9/4/21;1853;RS705;2
2859;9/5/21;1855;EB520;3
2860;9/5/21;649;RS706;6
2861;9/5/21;286;EB516;5
2862;9/5/21;1559;RK605;3
2863;9/5/21;1037;RS707;2
2864;9/6/21;261;EB514;1
2865;9/6/21;1284;EB501;4
2866;9/6/21;471;RK602;3
2867;9/6/21;1151;DK206;3
2868;9/7/21;387;BP104;4
2869;9/7/21;1574;EB513;5
2870;9/7/21;500;BP101;2
2871;9/7/21;1404;DS304;6
2872;9/7/21;1287;EB511;6
2873;9/7/21;230;DS304;3
2874;9/8/21;2052;DS305;6
2875;9/8/21;14;DK201;3
2876;9/9/21;92;BP106;5
2877;9/9/21;177;EB519;4
2878;9/9/21;1490;EB513;4
2879;9/9/21;1048;DK207;6
2880;9/9/21;224;TV805;4
2881;9/10/21;1815;DK203;5
2882;9/10/21;751;EB513;1
2883;9/10/21;718;RK606;5
2884;9/10/21;205;DK202;3
2885;9/11/21;24;DK208;3
2886;9/11/21;2000;DK209;3
2887;9/11/21;349;DK203;4
2888;9/12/21;1187;RS706;4
2889;9/12/21;1282;EB517;4
2890;9/12/21;1630;EB516;3
2891;9/13/21;1648;EB501;5
2892;9/14/21;1656;RS705;2
2893;9/14/21;976;RS707;5
2894;9/14/21;792;DK203;1
2895;9/14/21;862;DS307;3
2896;9/15/21;1880;RK605;3
2897;9/16/21;1441;RS702;3
2898;9/16/21;1227;EB521;2
2899;9/16/21;2091;RK605;5
2900;9/16/21;1406;RS704;6
2901;9/16/21;2032;EB508;2
2902;9/17/21;1441;RK607;2
2903;9/17/21;856;EB512;2
2904;9/17/21;853;DK203;5
2905;9/17/21;248;TV807;3
2906;9/17/21;358;RS702;3
2907;9/17/21;967;EB506;2
2908;9/17/21;504;DK209;3
2909;9/18/21;1792;DK205;3
2910;9/18/21;1478;DK201;3
2911;9/18/21;1562;RS704;2
2912;9/19/21;636;EB507;5
2913;9/19/21;1931;EB513;1
2914;9/20/21;1179;TV810;4
2915;9/20/21;1832;EB516;4
2916;9/20/21;104;TV805;4
2917;9/21/21;1406;DK201;5
2918;9/21/21;2079;BP102;1
2919;9/21/21;1008;BP101;3
2920;9/21/21;539;TV810;5
2921;9/21/21;372;RS707;6
2922;9/22/21;616;EB505;6
2923;9/23/21;308;DS305;2
2924;9/24/21;868;TV810;6
2925;9/24/21;758;RS704;5
2926;9/24/21;1125;BP108;2
2927;9/24/21;1880;EB504;3
2928;9/24/21;1579;RK603;2
2929;9/24/21;1549;RK602;4
2930;9/25/21;460;EB518;1
2931;9/25/21;186;DK209;5
2932;9/25/21;860;TV803;3
2933;9/25/21;505;TV802;3
2934;9/25/21;843;DK207;2
2935;9/25/21;1872;EB509;2
2936;9/26/21;435;DS305;5
2937;9/26/21;995;EB520;2
2938;9/27/21;311;BP102;2
2939;9/27/21;725;BP110;2
2940;9/27/21;1292;RS707;4
2941;9/27/21;795;BP102;6
2942;9/28/21;576;DS307;2
2943;9/28/21;815;BP110;3
2944;9/28/21;907;RS702;4
2945;9/29/21;423;EB519;2
2946;9/29/21;1346;EB516;3
2947;9/29/21;726;TV803;4
2948;9/29/21;817;EB513;5
2949;9/30/21;1385;BP108;1
2950;9/30/21;1795;DS305;3
2951;9/30/21;529;EB503;6
2952;9/30/21;1854;DS303;4
2953;10/1/21;1180;EB521;2
2954;10/1/21;206;DK205;3
2955;10/2/21;481;TV801;4
2956;10/2/21;112;DS307;4
2957;10/3/21;224;DK208;4
2958;10/3/21;1354;DK201;4
2959;10/3/21;911;EB521;4
2960;10/3/21;1446;RK603;2
2961;10/3/21;585;DS306;3
2962;10/3/21;944;BP102;3
2963;10/3/21;2077;EB512;4
2964;10/4/21;301;DS304;3
2965;10/4/21;1523;EB518;4
2966;10/4/21;1623;EB519;3
2967;10/4/21;2070;EB511;2
2968;10/4/21;1098;EB518;4
2969;10/5/21;254;EB520;4
2970;10/5/21;254;EB520;2
2971;10/5/21;1239;DS307;4
2972;10/5/21;1330;EB514;2
2973;10/5/21;1997;EB506;3
2974;10/6/21;1266;RK602;4
2975;10/6/21;543;BP110;4
2976;10/6/21;176;TV812;1
2977;10/7/21;668;EB509;6
2978;10/7/21;2062;TV810;1
2979;10/7/21;1022;RK606;4
2980;10/8/21;2038;EB516;4
2981;10/8/21;2026;DS302;4
2982;10/8/21;81;RK605;5
2983;10/9/21;165;BP106;3
2984;10/9/21;1005;EB505;1
2985;10/9/21;1565;RK607;4
2986;10/9/21;1061;TV806;4
2987;10/9/21;1030;TV803;5
2988;10/10/21;1132;TV813;2
2989;10/10/21;255;RK606;5
2990;10/10/21;1557;EB521;3
2991;10/10/21;1582;BP109;4
2992;10/10/21;1582;BP109;2
2993;10/11/21;239;TV810;2
2994;10/11/21;1585;BP110;3
2995;10/12/21;1699;EB512;5
2996;10/12/21;804;BP110;2
2997;10/13/21;936;TV801;1
2998;10/13/21;1011;TV804;2
2999;10/13/21;950;TV806;3
3000;10/13/21;573;TV805;4
3001;10/13/21;1568;TV802;4
3002;10/13/21;994;EB512;2
3003;10/13/21;1505;RK605;5
3004;10/13/21;2105;DK201;3
3005;10/14/21;1232;TV805;3
3006;10/14/21;1984;TV805;5
3007;10/14/21;2062;EB513;1
3008;10/14/21;125;TV811;2
3009;10/14/21;1474;EB521;2
3010;10/14/21;528;EB503;3
3011;10/15/21;30;DS307;4
3012;10/15/21;653;TV805;4
3013;10/15/21;1340;EB508;5
3014;10/15/21;1243;TV810;4
3015;10/15/21;1529;DK203;5
3016;10/15/21;104;EB512;2
3017;10/16/21;1073;RS702;3
3018;10/16/21;834;BP106;2
3019;10/17/21;1458;DK202;3
3020;10/17/21;1035;EB509;2
3021;10/18/21;408;BP101;4
3022;10/18/21;290;TV803;3
3023;10/19/21;2099;DK204;3
3024;10/19/21;686;DK209;5
3025;10/19/21;994;EB516;4
3026;10/19/21;1878;RS704;5
3027;10/19/21;1705;DK202;3
3028;10/19/21;1819;TV801;4
3029;10/20/21;907;TV811;2
3030;10/20/21;872;BP106;5
3031;10/20/21;1394;DK207;1
3032;10/21/21;1079;RK606;4
3033;10/21/21;331;EB514;5
3034;10/21/21;1325;RS705;3
3035;10/21/21;1351;TV805;4
3036;10/21/21;269;DK205;1
3037;10/22/21;475;RK606;4
3038;10/22/21;1957;EB514;3
3039;10/22/21;1051;DK208;5
3040;10/23/21;470;BP109;2
3041;10/23/21;2120;DK203;3
3042;10/23/21;1289;RK606;3
3043;10/23/21;929;EB514;5
3044;10/24/21;1281;BP109;5
3045;10/24/21;305;TV806;2
3046;10/24/21;1354;DK205;2
3047;10/25/21;950;EB514;3
3048;10/25/21;496;RS703;1
3049;10/26/21;1804;EB519;3
3050;10/26/21;61;DS307;3
3051;10/26/21;583;RK605;1
3052;10/26/21;1607;RK604;3
3053;10/27/21;1966;DK209;4
3054;10/27/21;9;DS305;5
3055;10/27/21;9;DS305;3
3056;10/27/21;1151;DS305;4
3057;10/28/21;2090;TV813;2
3058;10/28/21;1014;TV802;4
3059;10/28/21;673;TV811;3
3060;10/28/21;35;DS304;2
3061;10/29/21;136;TV802;3
3062;10/29/21;347;TV806;1
3063;10/29/21;1740;BP107;5
3064;10/29/21;1714;DS304;2
3065;10/29/21;1926;DS303;3
3066;10/30/21;504;RK604;3
3067;10/30/21;63;DS306;2
3068;10/30/21;1956;BP110;3
3069;10/30/21;1448;DS303;2
3070;10/30/21;1028;EB504;4
3071;10/31/21;1018;DK208;2
3072;10/31/21;711;EB504;1
3073;10/31/21;514;DS303;4
3074;10/31/21;1198;RK606;2
3075;11/1/21;1276;RK606;2
3076;11/1/21;33;BP110;4
3077;11/1/21;1891;EB502;5
3078;11/1/21;545;DS306;4
3079;11/1/21;1598;TV808;2
3080;11/1/21;1493;DK201;3
3081;11/2/21;1931;EB504;3
3082;11/2/21;1261;RK604;3
3083;11/2/21;95;TV802;6
3084;11/2/21;585;BP106;2
3085;11/3/21;828;RS705;3
3086;11/3/21;994;EB501;4
3087;11/3/21;558;RK604;4
3088;11/3/21;1656;DK206;2
3089;11/3/21;283;DS301;1
3090;11/4/21;779;EB520;4
3091;11/4/21;1863;EB516;5
3092;11/5/21;908;EB516;4
3093;11/5/21;1188;RS707;2
3094;11/5/21;1317;EB519;5
3095;11/5/21;317;RS705;2
3096;11/5/21;662;BP102;4
3097;11/6/21;605;TV805;5
3098;11/6/21;1884;BP102;6
3099;11/6/21;1816;BP107;5
3100;11/7/21;697;EB505;3
3101;11/7/21;797;EB519;2
3102;11/7/21;1801;TV802;4
3103;11/7/21;92;DS304;2
3104;11/7/21;1603;TV809;2
3105;11/7/21;1137;DK202;2
3106;11/8/21;607;TV810;3
3107;11/8/21;1865;EB513;2
3108;11/8/21;787;DS307;5
3109;11/8/21;385;EB521;5
3110;11/8/21;267;RS706;3
3111;11/8/21;1178;TV803;4
3112;11/8/21;472;RK604;5
3113;11/8/21;1230;DK202;5
3114;11/8/21;652;DS306;5
3115;11/8/21;1591;RK606;2
3116;11/9/21;1406;EB501;5
3117;11/9/21;1796;RS702;1
3118;11/9/21;206;EB503;5
3119;11/9/21;876;BP105;2
3120;11/9/21;2064;EB521;5
3121;11/9/21;729;TV812;5
3122;11/10/21;941;DK201;3
3123;11/10/21;1166;EB505;5
3124;11/10/21;496;EB507;5
3125;11/11/21;788;EB502;5
3126;11/11/21;1762;DS302;5
3127;11/11/21;646;TV806;2
3128;11/12/21;1956;EB501;2
3129;11/12/21;1392;TV812;2
3130;11/12/21;1001;BP105;5
3131;11/12/21;1113;EB513;5
3132;11/12/21;902;DK203;1
3133;11/13/21;956;TV807;4
3134;11/13/21;760;DK207;5
3135;11/13/21;141;EB520;6
3136;11/13/21;1765;EB517;2
3137;11/14/21;147;TV811;3
3138;11/15/21;451;RK604;6
3139;11/15/21;882;DK209;2
3140;11/16/21;502;RS703;2
3141;11/16/21;900;BP105;4
3142;11/16/21;2096;RS703;2
3143;11/17/21;1916;EB507;1
3144;11/18/21;1;BP102;5
3145;11/18/21;36;TV802;6
3146;11/18/21;1910;EB501;4
3147;11/18/21;371;RK602;3
3148;11/19/21;754;DK206;4
3149;11/19/21;588;EB507;2
3150;11/19/21;1279;RK605;5
3151;11/19/21;1813;DS306;6
3152;11/19/21;741;BP110;4
3153;11/19/21;982;BP110;4
3154;11/19/21;1878;EB506;3
3155;11/20/21;1867;EB501;4
3156;11/21/21;18;EB503;3
3157;11/21/21;697;RK602;3
3158;11/21/21;379;BP101;2
3159;11/21/21;1808;DS302;2
3160;11/21/21;694;BP110;4
3161;11/21/21;852;EB521;3
3162;11/21/21;1330;TV803;3
3163;11/21/21;1214;DK203;6
3164;11/21/21;627;EB505;3
3165;11/22/21;1400;EB505;5
3166;11/22/21;1299;DK204;4
3167;11/22/21;901;BP107;2
3168;11/22/21;1066;RK605;4
3169;11/22/21;374;BP110;4
3170;11/22/21;971;EB517;4
3171;11/23/21;437;RS702;5
3172;11/23/21;439;BP109;5
3173;11/23/21;1748;RS702;2
3174;11/23/21;924;RS703;3
3175;11/24/21;608;EB520;4
3176;11/24/21;624;TV807;6
3177;11/24/21;1919;TV809;3
3178;11/24/21;1953;EB513;3
3179;11/25/21;83;DS304;2
3180;11/25/21;1702;RS703;4
3181;11/25/21;1875;RK605;3
3182;11/25/21;1938;RK604;3
3183;11/26/21;811;BP101;2
3184;11/26/21;1675;TV812;4
3185;11/26/21;942;BP110;6
3186;11/26/21;1660;TV812;3
3187;11/27/21;258;TV809;4
3188;11/27/21;1870;DS305;4
3189;11/27/21;1853;EB506;3
3190;11/27/21;1293;TV808;4
3191;11/27/21;1835;DK205;5
3192;11/27/21;1747;RK602;3
3193;11/27/21;2103;BP108;5
3194;11/27/21;665;TV805;4
3195;11/27/21;1479;TV812;3
3196;11/28/21;1568;TV813;1
3197;11/28/21;468;TV804;2
3198;11/28/21;1488;DK205;5
3199;11/29/21;1949;DK208;1
3200;11/29/21;322;DK207;5
3201;11/29/21;1288;DK208;6
3202;11/29/21;1743;TV805;5
3203;11/29/21;650;RS707;4
3204;11/30/21;765;DS307;5
3205;11/30/21;13;DS306;4
3206;11/30/21;471;DK206;3
3207;11/30/21;161;EB518;1
3208;11/30/21;209;DK209;6
3209;11/30/21;1363;BP101;4
3210;12/1/21;308;TV812;5
3211;12/2/21;1767;DS305;3
3212;12/2/21;1553;EB517;5
3213;12/2/21;73;DS306;4
3214;12/2/21;1105;EB516;5
3215;12/3/21;1982;EB508;1
3216;12/3/21;678;EB509;3
3217;12/3/21;469;BP102;2
3218;12/3/21;247;EB516;3
3219;12/4/21;628;DK209;2
3220;12/4/21;1094;RS705;6
3221;12/5/21;1107;DK203;2
3222;12/5/21;1361;TV810;5
3223;12/5/21;1992;DK201;6
3224;12/5/21;2057;TV811;5
3225;12/5/21;1352;RK603;4
3226;12/5/21;399;TV808;3
3227;12/6/21;1409;DK205;4
3228;12/6/21;792;TV807;3
3229;12/6/21;991;EB517;5
3230;12/6/21;1111;EB509;5
3231;12/6/21;716;TV803;4
3232;12/6/21;1472;EB508;4
3233;12/6/21;1204;DK204;4
3234;12/6/21;879;EB512;3
3235;12/7/21;575;TV808;3
3236;12/7/21;1547;EB521;4
3237;12/7/21;1294;RS705;4
3238;12/8/21;1679;DS301;4
3239;12/8/21;1115;TV811;3
3240;12/8/21;568;DS301;5
3241;12/8/21;463;RS704;2
3242;12/8/21;895;EB516;3
3243;12/8/21;142;EB521;3
3244;12/8/21;335;RS705;3
3245;12/9/21;679;DS303;3
3246;12/9/21;1247;BP109;4
3247;12/10/21;1389;RK604;2
3248;12/10/21;636;EB516;3
3249;12/10/21;1907;DK208;5
3250;12/10/21;1487;DK205;5
3251;12/10/21;1482;BP107;3
3252;12/10/21;1078;DS306;5
3253;12/10/21;2019;DS306;5
3254;12/10/21;595;TV810;6
3255;12/11/21;658;DK208;4
3256;12/11/21;593;EB501;2
3257;12/11/21;118;RK604;4
3258;12/11/21;980;EB516;2
3259;12/11/21;454;TV809;3
3260;12/12/21;793;BP109;4
3261;12/12/21;533;EB514;4
3262;12/12/21;443;RS703;3
3263;12/13/21;358;TV811;1
3264;12/13/21;951;TV805;4
3265;12/13/21;964;TV802;6
3266;12/14/21;256;EB504;4
3267;12/14/21;928;EB513;2
3268;12/14/21;998;DS306;5
3269;12/14/21;1644;RK605;2
3270;12/15/21;321;TV811;1
3271;12/15/21;1876;DK204;4
3272;12/15/21;1399;DS303;3
3273;12/15/21;1442;EB519;6
3274;12/15/21;1492;TV812;2
3275;12/15/21;260;EB503;4
3276;12/16/21;1396;EB517;2
3277;12/17/21;775;RS706;5
3278;12/17/21;653;BP109;5
3279;12/17/21;317;TV802;1
3280;12/18/21;1126;TV808;4
3281;12/18/21;1624;EB505;4
3282;12/18/21;921;TV801;2
3283;12/18/21;1525;TV802;3
3284;12/18/21;1895;EB511;5
3285;12/19/21;2050;DS304;3
3286;12/19/21;593;EB519;3
3287;12/19/21;78;DK203;6
3288;12/19/21;1850;DS305;2
3289;12/19/21;1815;TV809;1
3290;12/19/21;1227;EB517;2
3291;12/20/21;1084;RS703;3
3292;12/21/21;1403;EB501;2
3293;12/21/21;821;EB517;2
3294;12/21/21;1625;DK208;3
3295;12/21/21;1224;DS306;2
3296;12/22/21;1993;DS301;4
3297;12/22/21;1099;TV801;6
3298;12/22/21;365;RK603;5
3299;12/22/21;170;BP107;5
3300;12/23/21;1426;EB516;6
3301;12/23/21;879;BP101;4
3302;12/23/21;2066;RS704;2
3303;12/24/21;719;RK605;3
3304;12/24/21;1546;RK604;3
3305;12/24/21;1357;DK207;3
3306;12/25/21;1910;BP105;3
3307;12/25/21;365;DK209;1
3308;12/25/21;1039;DS307;2
3309;12/25/21;1019;BP107;6
3310;12/25/21;1267;DK201;3
3311;12/25/21;1898;TV809;2
3312;12/25/21;194;BP110;2
3313;12/26/21;1566;DK204;3
3314;12/26/21;910;RK607;4
3315;12/26/21;1386;EB520;6
3316;12/26/21;1664;EB517;1
3317;12/26/21;644;BP102;3
3318;12/27/21;496;DK203;3
3319;12/27/21;1822;RS705;3
3320;12/27/21;938;DK208;5
3321;12/27/21;1291;RK606;4
3322;12/27/21;1170;EB516;3
3323;12/28/21;617;DK202;6
3324;12/28/21;419;DK202;3
3325;12/28/21;1949;DK201;4
3326;12/29/21;27;DS301;3
3327;12/29/21;1389;BP109;3
3328;12/29/21;1836;RS702;4
3329;12/29/21;922;RK602;3
3330;12/30/21;875;EB513;4
3331;12/30/21;1461;DS303;4
3332;12/31/21;1214;DS307;3
3333;12/31/21;1439;TV807;3
3334;12/31/21;625;DS302;5
3335;12/31/21;410;TV810;2
3336;12/31/21;520;RS707;5
3337;12/31/21;582;RK602;4
3338;12/31/21;1225;TV810;5
3340;11/15/21;5;EB508;2